Rk,Player,Age,Team,Pos,G,GS,MP,PER,TS%,3PAr,FTr,ORB%,DRB%,TRB%,AST%,STL%,BLK%,TOV%,USG%,OWS,DWS,WS,WS/48,OBPM,DBPM,BPM,VORP,Awards,Player-additional
1,James Harden,26,HOU,SG,82,82,3125,25.3,.598,.406,.518,2.2,15.6,8.8,35.4,2.2,1.4,15.9,32.5,10.7,2.6,13.3,.204,6.4,0.2,6.6,6.8,MVP-9AS,hardeja01
2,Gordon Hayward,25,UTA,SF,80,80,2893,18.3,.559,.341,.397,2.5,13.5,8.0,18.2,1.7,0.8,12.5,25.7,5.5,3.4,8.9,.147,2.4,0.2,2.6,3.3,,haywago01
3,Kemba Walker,25,CHO,PG,81,81,2885,20.8,.554,.368,.329,2.1,11.5,6.8,25.7,2.2,1.1,10.1,26.5,6.3,3.6,9.9,.164,3.5,0.5,4.0,4.3,,walkeke02
4,Trevor Ariza,30,HOU,SF,81,81,2859,12.9,.551,.581,.187,2.6,11.6,7.1,10.0,2.8,0.8,10.8,15.7,3.1,2.3,5.4,.090,0.1,0.3,0.4,1.7,DPOY-13,arizatr01
5,Marcus Morris,26,DET,SF,80,80,2856,12.7,.531,.315,.287,3.3,12.4,7.7,11.0,1.2,0.6,11.6,18.4,2.9,2.5,5.4,.091,-0.3,0.1,-0.2,1.3,,morrima03
6,Khris Middleton,24,MIL,SG,79,79,2852,16.8,.560,.316,.273,1.8,10.2,6.0,18.9,2.3,0.6,12.3,23.0,4.3,1.8,6.1,.103,1.2,-0.5,0.6,1.9,,middlkh01
7,Kyle Lowry,29,TOR,PG,77,77,2851,22.2,.578,.457,.410,2.2,12.3,7.3,29.9,2.9,1.0,13.7,26.1,8.0,3.7,11.6,.196,4.7,1.1,5.8,5.7,MVP-10DPOY-13ASNBA3,lowryky01
8,Andrew Wiggins,20,MIN,SF,81,81,2845,16.5,.543,.147,.437,4.3,7.5,5.9,10.1,1.4,1.3,10.6,27.2,3.4,0.7,4.1,.069,0.9,-2.2,-1.3,0.5,,wiggian01
9,Giannis Antetokounmpo,21,MIL,PG,80,79,2823,18.8,.566,.108,.404,4.6,20.0,12.4,20.0,1.7,3.4,14.8,22.3,4.2,2.9,7.1,.121,1.3,0.7,2.1,2.9,,antetgi01
10,Paul George,25,IND,SF,81,81,2819,20.9,.557,.391,.364,3.1,18.7,10.9,20.3,2.7,0.8,13.6,30.4,4.4,4.8,9.2,.157,3.7,1.2,4.9,4.9,ASNBA3DEF2,georgpa01
11,Draymond Green,25,GSW,PF,81,81,2808,19.3,.587,.315,.402,5.5,23.0,14.7,29.0,2.0,3.0,21.2,18.8,6.0,5.1,11.1,.190,2.6,2.9,5.5,5.3,MVP-7DPOY-2ASNBA2DEF1,greendr01
12,DeMar DeRozan,26,TOR,SG,78,78,2804,21.5,.550,.101,.474,2.7,11.5,7.1,20.8,1.5,0.6,9.5,29.8,7.5,2.4,9.9,.169,3.2,-0.7,2.5,3.2,AS,derozde01
13,Kentavious Caldwell-Pope,22,DET,SG,76,76,2789,12.4,.521,.384,.238,2.6,8.6,5.5,7.8,2.0,0.5,9.0,18.2,2.6,2.7,5.3,.092,-1.1,0.8,-0.3,1.2,,caldwke01
14,John Wall,25,WAS,PG,77,77,2784,19.8,.510,.243,.255,1.7,13.8,7.6,46.2,2.5,1.7,17.5,28.6,2.2,3.5,5.7,.098,3.1,0.4,3.5,3.9,AS,walljo01
15,CJ McCollum,24,POR,SG,80,80,2780,17.7,.544,.330,.158,1.8,8.3,5.0,21.6,1.7,0.6,11.4,27.1,4.4,1.7,6.0,.104,2.3,-1.0,1.3,2.3,MIP-1,mccolcj01
16,Russell Westbrook,27,OKC,PG,80,80,2750,27.6,.554,.236,.397,6.1,18.1,12.4,49.6,2.9,0.6,16.8,31.6,10.0,4.0,14.0,.245,6.4,1.4,7.8,6.8,MVP-4ASNBA1,westbru01
17,Monta Ellis,30,IND,SG,81,81,2734,13.7,.504,.276,.202,1.7,9.1,5.4,22.2,2.7,1.1,15.4,21.2,0.4,3.9,4.3,.075,-1.0,1.1,0.1,1.5,,ellismo01
18,LeBron James,31,CLE,SF,76,76,2709,27.5,.588,.199,.347,4.7,18.8,11.8,36.0,2.0,1.5,13.2,31.4,9.6,4.0,13.6,.242,7.0,2.0,9.0,7.5,MVP-3DPOY-11ASNBA1,jamesle01
19,Joe Johnson,34,2TM,SF,81,81,2703,12.0,.538,.364,.165,2.0,10.2,6.1,18.0,1.1,0.1,14.7,17.9,1.9,0.8,2.7,.048,-0.6,-1.3,-1.9,0.1,,johnsjo02
19,Joe Johnson,34,BRK,SF,57,57,1934,10.7,.512,.377,.178,1.9,11.2,6.5,18.0,1.0,0.1,15.0,17.8,0.6,0.2,0.7,.018,-1.2,-1.4,-2.6,-0.3,,johnsjo02
19,Joe Johnson,34,MIA,SF,24,24,769,15.2,.603,.335,.135,2.3,7.6,5.0,17.9,1.4,0.2,13.9,18.4,1.3,0.6,2.0,.123,0.8,-1.0,-0.1,0.4,,johnsjo02
20,Stephen Curry,27,GSW,PG,79,79,2700,31.5,.669,.554,.250,2.9,13.6,8.6,33.7,3.0,0.4,12.9,32.6,13.8,4.1,17.9,.318,10.3,1.6,11.9,9.5,MVP-1ASNBA1,curryst01
21,Damian Lillard,25,POR,PG,75,75,2676,22.2,.560,.414,.315,1.8,10.4,6.1,33.6,1.2,0.8,12.6,31.3,7.7,1.4,9.2,.165,5.7,-1.3,4.4,4.3,MVP-8NBA2,lillada01
22,Andre Drummond,22,DET,C,81,81,2666,21.2,.499,.006,.553,15.6,34.2,24.5,4.4,2.3,3.2,10.5,24.1,2.0,5.5,7.4,.133,0.8,0.3,1.1,2.0,DPOY-10ASNBA3,drumman01
23,Klay Thompson,25,GSW,SG,80,80,2666,18.6,.597,.469,.159,1.5,10.3,6.2,9.8,1.1,1.4,8.5,26.3,5.5,2.6,8.0,.144,3.4,-1.6,1.8,2.5,ASNBA3,thompkl01
24,Paul Millsap,30,ATL,PF,81,81,2647,21.3,.556,.218,.383,8.4,21.5,15.1,16.4,2.7,4.1,13.3,24.3,4.1,6.0,10.1,.183,1.5,2.7,4.2,4.1,DPOY-5ASDEF2,millspa01
25,Isaiah Thomas,26,BOS,PG,82,79,2644,21.5,.562,.336,.394,1.8,8.0,4.9,32.7,1.7,0.3,11.9,29.6,7.2,2.5,9.7,.177,4.9,-0.6,4.3,4.2,AS,thomais02
26,Wesley Matthews,29,DAL,SF,78,78,2644,10.9,.532,.615,.171,1.1,8.8,4.9,8.9,1.5,0.5,7.8,17.2,1.9,1.8,3.7,.067,-0.9,-0.1,-1.0,0.6,,matthwe02
27,Al Horford,29,ATL,C,82,82,2631,19.4,.565,.244,.123,6.3,18.2,12.4,16.7,1.3,3.6,8.8,20.6,4.9,4.5,9.4,.172,2.2,1.6,3.8,3.9,DPOY-13AS,horfoal01
28,Karl-Anthony Towns,20,MIN,C,82,82,2627,22.5,.590,.076,.239,10.3,27.5,19.0,11.3,1.1,4.3,12.6,24.9,5.5,2.8,8.3,.151,2.5,-0.4,2.2,2.7,ROY-1,townska01
29,DeAndre Jordan,27,LAC,C,77,77,2598,20.6,.628,.002,1.219,11.4,32.7,22.2,5.3,1.0,5.4,12.1,15.4,6.0,5.5,11.5,.213,1.5,1.3,2.8,3.2,DPOY-4NBA1DEF1,jordade01
30,Kevin Durant,27,OKC,SF,72,72,2578,28.2,.634,.348,.361,2.0,21.8,12.4,24.2,1.3,2.5,13.5,30.6,11.0,3.5,14.5,.270,8.4,1.6,9.9,7.8,MVP-5ASNBA2,duranke01
31,Evan Fournier,23,ORL,SF,79,71,2566,14.6,.587,.420,.256,1.4,8.4,4.9,12.8,1.9,0.1,11.4,20.1,4.0,1.7,5.7,.106,0.1,-0.5,-0.3,1.1,,fournev01
32,Jordan Clarkson,23,LAL,SG,79,79,2552,14.3,.516,.291,.186,3.8,9.6,6.6,13.8,1.7,0.2,10.2,22.8,1.7,0.4,2.1,.039,-0.1,-1.5,-1.6,0.2,,clarkjo01
33,Rodney Hood,23,UTA,SG,79,79,2541,14.1,.542,.462,.206,1.8,10.5,6.1,14.4,1.5,0.5,10.5,21.5,3.4,2.5,6.0,.112,0.7,0.0,0.7,1.7,,hoodro01
34,P.J. Tucker,30,PHO,SF,82,80,2540,10.8,.506,.354,.244,6.9,15.2,10.9,10.2,2.0,0.6,14.7,12.7,1.5,1.9,3.5,.066,-1.5,0.4,-1.2,0.5,,tuckepj01
35,Rajon Rondo,29,SAC,PG,72,72,2537,16.9,.506,.217,.192,3.3,15.2,9.3,48.0,2.7,0.3,24.7,18.8,2.3,2.3,4.6,.087,1.0,0.0,1.0,1.9,,rondora01
36,Avery Bradley,25,BOS,SG,76,72,2536,13.2,.538,.399,.121,2.0,7.3,4.6,9.8,2.2,0.6,9.2,19.8,2.0,2.8,4.8,.090,-0.4,0.3,-0.1,1.2,DPOY-6DEF1,bradlav01
37,Carmelo Anthony,31,NYK,SF,72,72,2530,20.3,.530,.237,.308,4.3,19.5,12.0,21.9,1.3,1.1,10.6,29.7,3.9,2.5,6.4,.121,3.8,-0.5,3.3,3.4,AS,anthoca01
38,George Hill,29,IND,PG,74,73,2524,13.2,.555,.425,.203,2.5,10.3,6.5,15.5,1.6,0.5,11.1,15.8,3.4,2.8,6.2,.118,0.1,0.7,0.7,1.7,,hillge01
39,Tobias Harris,23,2TM,PF,76,74,2513,16.2,.560,.269,.273,4.1,18.6,11.2,10.6,1.3,1.3,9.8,19.3,4.1,2.5,6.6,.126,1.2,0.3,1.5,2.2,,harrito02
39,Tobias Harris,23,ORL,PF,49,49,1610,15.0,.550,.279,.283,4.8,18.9,11.8,9.3,1.5,1.4,11.4,18.9,1.7,1.6,3.3,.099,0.5,0.1,0.6,1.0,,harrito02
39,Tobias Harris,23,DET,PF,27,25,903,18.2,.577,.253,.259,2.9,18.0,10.2,12.9,1.0,1.0,7.2,20.2,2.3,0.9,3.3,.174,2.4,0.7,3.1,1.2,,harrito02
40,Serge Ibaka,26,OKC,PF,78,78,2500,13.9,.533,.212,.139,6.5,16.2,11.6,3.9,0.8,4.5,10.5,17.6,2.5,3.0,5.5,.105,-0.6,0.0,-0.6,0.8,,ibakase01
41,Jimmy Butler,26,CHI,SG,67,67,2474,21.3,.562,.198,.459,3.4,11.6,7.6,21.4,2.2,1.3,9.6,24.4,6.5,2.7,9.1,.177,3.2,1.2,4.4,3.9,DPOY-11ASDEF2,butleji01
42,Brook Lopez,27,BRK,C,73,73,2457,21.7,.562,.012,.348,9.2,17.2,13.1,10.8,1.2,4.1,11.6,27.3,4.5,1.7,6.2,.121,1.9,-0.5,1.3,2.1,,lopezbr01
43,Nicolas Batum,27,CHO,SF,70,70,2448,15.6,.546,.457,.220,2.4,16.8,9.6,26.9,1.3,1.4,17.6,21.4,2.0,2.9,5.0,.097,1.1,0.1,1.2,2.0,,batumni01
44,Gary Harris,21,DEN,SG,76,76,2439,12.7,.566,.388,.174,2.4,7.7,5.0,9.5,2.0,0.6,10.6,16.5,2.8,1.2,4.0,.079,-0.6,-0.2,-0.9,0.7,,harriga01
45,Reggie Jackson,25,DET,PG,79,79,2424,19.6,.535,.268,.271,2.5,9.1,5.7,36.3,1.2,0.3,13.8,29.1,4.9,1.9,6.9,.136,3.4,-0.6,2.7,2.8,,jacksre01
46,Kevin Love,27,CLE,PF,77,77,2424,19.0,.553,.449,.321,7.0,28.4,17.8,12.2,1.2,1.4,11.3,23.4,4.7,3.8,8.5,.169,3.0,0.3,3.3,3.3,,loveke01
47,Chris Paul,30,LAC,PG,74,74,2420,26.2,.575,.295,.294,1.8,12.0,7.0,52.7,3.1,0.4,13.4,27.1,9.2,3.5,12.7,.253,5.9,2.0,7.9,6.0,MVP-6DPOY-13ASNBA2DEF1,paulch01
48,Jabari Parker,20,MIL,PF,76,72,2408,14.8,.535,.039,.254,5.9,12.8,9.4,8.9,1.5,1.0,10.4,20.9,2.4,1.2,3.6,.072,-0.4,-1.6,-2.0,0.0,,parkeja01
49,Thaddeus Young,27,BRK,PF,73,73,2407,17.5,.533,.031,.169,8.1,23.0,15.4,9.6,2.3,1.2,11.6,21.6,1.9,2.2,4.1,.081,0.1,-0.1,0.0,1.2,,youngth01
50,Kyle Korver,34,ATL,SG,80,80,2401,9.7,.578,.644,.088,0.7,10.9,5.9,9.9,1.2,1.1,13.3,13.7,1.2,2.9,4.1,.082,-1.5,0.6,-1.0,0.6,,korveky01
51,Luol Deng,30,MIA,PF,74,73,2394,15.0,.549,.344,.258,5.3,15.4,10.5,9.0,1.6,0.9,8.9,17.4,3.5,2.8,6.4,.128,0.7,0.2,0.8,1.7,,denglu01
52,Kawhi Leonard,24,SAS,SF,72,72,2380,26.0,.616,.267,.306,4.7,18.4,11.8,13.0,2.8,2.3,7.8,25.8,8.3,5.5,13.7,.277,6.1,3.0,9.1,6.7,MVP-2DPOY-1ASNBA1DEF1,leonaka01
53,Victor Oladipo,23,ORL,SG,72,52,2379,16.7,.534,.291,.255,2.2,14.0,8.0,18.6,2.4,1.9,12.4,22.9,2.2,2.7,4.9,.099,0.9,0.9,1.7,2.3,,oladivi01
54,Rudy Gay,29,SAC,SF,70,70,2379,15.5,.538,.214,.252,4.7,15.9,10.4,8.0,2.0,1.7,11.1,22.4,1.8,2.1,3.8,.078,-0.1,-0.3,-0.3,1.0,,gayru01
55,Arron Afflalo,30,NYK,SG,71,57,2371,10.9,.531,.298,.164,1.1,11.0,6.1,9.9,0.5,0.3,8.7,17.9,1.8,0.9,2.7,.055,-1.3,-1.6,-2.9,-0.5,,afflaar01
56,Dirk Nowitzki,37,DAL,PF,75,75,2364,19.0,.555,.308,.252,2.4,20.3,11.4,10.1,1.1,1.8,6.4,25.5,4.2,2.6,6.8,.138,2.4,0.1,2.5,2.7,,nowitdi01
57,Goran Dragić,29,MIA,PG,72,72,2363,15.5,.537,.234,.189,2.7,10.4,6.6,28.7,1.5,0.6,16.3,21.9,2.4,2.3,4.7,.096,0.1,-0.5,-0.4,1.0,,dragigo01
58,J.R. Smith,30,CLE,SG,77,77,2362,12.4,.542,.600,.084,2.1,8.3,5.2,8.5,1.8,0.7,6.3,18.0,3.0,2.5,5.5,.111,0.2,0.3,0.5,1.5,,smithjr01
59,Will Barton,25,DEN,SG,82,1,2353,16.0,.535,.331,.273,2.7,20.0,11.2,14.4,1.5,1.3,11.2,23.0,2.4,1.9,4.3,.088,1.2,-0.4,0.8,1.7,6MOY-4,bartowi01
60,Al-Farouq Aminu,25,POR,SF,82,82,2341,12.7,.533,.485,.217,4.5,18.6,11.5,8.8,1.5,1.8,13.2,16.9,1.7,2.3,4.0,.082,-0.2,0.2,0.1,1.2,,aminual01
61,Marvin Williams,29,CHO,PF,81,81,2338,16.9,.585,.506,.193,5.9,18.6,12.2,7.6,1.2,2.7,7.1,16.8,4.7,3.2,7.8,.161,2.1,0.5,2.7,2.7,,willima02
62,Courtney Lee,30,2TM,SG,79,65,2334,11.5,.551,.340,.185,1.4,8.7,4.9,9.1,1.9,1.1,9.4,14.7,2.1,1.7,3.9,.080,-1.3,0.3,-1.0,0.6,,leeco01
62,Courtney Lee,30,MEM,SG,51,37,1489,11.7,.556,.329,.220,1.4,7.9,4.5,8.1,1.8,1.0,9.6,15.3,1.5,0.8,2.2,.072,-0.9,-0.1,-0.9,0.4,,leeco01
62,Courtney Lee,30,CHO,SG,28,28,845,11.2,.540,.359,.118,1.3,10.1,5.6,10.9,2.0,1.2,9.0,13.6,0.7,1.0,1.6,.093,-2.1,1.1,-1.0,0.2,,leeco01
63,Ricky Rubio,25,MIN,PG,76,76,2323,17.6,.529,.324,.536,2.0,14.1,8.2,41.4,3.5,0.4,21.0,17.7,3.6,2.2,5.8,.119,1.0,0.8,1.8,2.3,,rubiori01
64,Greg Monroe,25,MIL,C,79,67,2314,21.8,.562,.001,.327,10.9,23.4,17.2,13.2,1.6,2.5,10.7,23.5,5.0,2.4,7.5,.155,2.7,-0.6,2.1,2.4,,monrogr01
65,Jae Crowder,25,BOS,SF,73,73,2308,15.8,.565,.446,.294,3.2,14.2,8.6,8.9,2.7,1.2,8.3,18.5,3.8,3.5,7.3,.152,0.8,1.4,2.2,2.5,DPOY-13,crowdja01
66,Zach LaVine,20,MIN,SG,82,33,2294,14.3,.548,.330,.212,1.4,10.1,5.8,18.6,1.5,0.6,12.9,23.5,1.9,0.7,2.6,.054,0.2,-1.6,-1.5,0.3,6MOY-14,lavinza01
67,Pau Gasol,35,CHI,C,72,72,2291,21.7,.529,.069,.290,7.3,28.7,18.2,21.7,0.9,4.7,12.8,24.6,3.2,3.9,7.1,.149,2.7,2.3,4.9,4.0,AS,gasolpa01
68,Julius Randle,21,LAL,PF,81,60,2286,13.9,.482,.043,.323,7.8,32.0,19.5,11.0,1.2,1.0,13.5,21.2,-0.3,1.9,1.6,.035,-1.9,-1.3,-3.2,-0.7,,randlju01
69,Dwight Howard,30,HOU,C,71,71,2280,18.9,.604,.010,.790,11.4,29.1,20.2,7.0,1.5,4.1,17.0,18.4,3.5,3.1,6.6,.138,0.3,-0.2,0.1,1.2,,howardw01
70,Otto Porter Jr.,22,WAS,SF,75,73,2276,14.5,.564,.372,.176,4.7,14.7,9.6,7.9,2.2,1.1,8.3,16.2,3.0,2.7,5.6,.119,0.3,0.8,1.1,1.8,,porteot01
71,Evan Turner,27,BOS,SG,81,12,2271,13.6,.513,.110,.238,2.3,16.5,9.3,23.9,1.7,1.0,16.9,18.8,1.0,3.0,4.0,.085,-0.9,0.9,0.0,1.1,6MOY-5,turneev01
72,Tristan Thompson,24,CLE,PF,82,34,2269,15.9,.611,.000,.576,13.5,23.3,18.4,4.0,0.9,1.8,10.4,11.7,5.6,3.1,8.7,.185,0.5,-0.3,0.2,1.2,6MOY-10,thomptr01
73,LaMarcus Aldridge,30,SAS,PF,74,74,2261,22.4,.565,.015,.289,9.2,22.2,15.9,8.1,0.9,2.8,7.8,25.9,5.6,4.5,10.1,.215,2.0,0.3,2.3,2.5,ASNBA3,aldrila01
74,D'Angelo Russell,19,LAL,PG,80,48,2259,13.2,.507,.387,.199,2.2,11.2,6.5,21.2,2.1,0.5,15.9,24.1,-0.7,0.7,0.0,.001,-0.7,-1.6,-2.3,-0.1,ROY-9,russeda01
75,Dwyane Wade,34,MIA,SG,74,73,2258,20.3,.517,.037,.343,4.3,10.7,7.6,27.4,1.8,1.4,13.0,31.6,2.4,2.6,4.9,.105,2.3,-0.4,1.9,2.2,AS,wadedw01
76,Marcin Gortat,31,WAS,C,75,74,2256,19.0,.592,.001,.271,10.8,26.3,18.4,7.5,1.0,3.4,12.4,18.9,4.2,3.1,7.3,.156,0.5,0.1,0.6,1.5,,gortama01
77,Jeff Teague,27,ATL,PG,79,78,2255,17.9,.551,.277,.316,1.6,8.6,5.2,34.4,2.1,0.8,16.2,26.6,2.8,3.0,5.9,.125,1.5,-0.2,1.3,1.9,,teaguje01
78,Jeff Green,29,2TM,SF,80,41,2253,13.0,.510,.258,.267,3.6,13.3,8.3,10.0,1.3,1.5,9.2,20.2,1.3,1.7,3.1,.065,-0.8,-0.9,-1.8,0.1,,greenje02
78,Jeff Green,29,MEM,SF,53,31,1544,13.4,.517,.244,.278,3.9,14.4,8.9,10.5,1.3,1.1,9.9,20.2,1.2,1.0,2.2,.067,-0.4,-1.0,-1.4,0.2,,greenje02
78,Jeff Green,29,LAC,SF,27,10,709,12.0,.496,.288,.243,3.0,10.9,7.0,8.9,1.3,2.3,7.5,20.4,0.1,0.8,0.9,.061,-1.8,-0.7,-2.5,-0.1,,greenje02
79,DeMarcus Cousins,25,SAC,C,65,65,2246,23.6,.538,.158,.498,7.7,28.2,18.0,17.0,2.2,3.3,13.3,35.4,2.4,3.3,5.7,.122,2.7,0.6,3.3,3.0,ASNBA2,couside01
80,Ish Smith,27,2TM,PG,77,53,2239,14.9,.465,.176,.182,2.0,13.3,7.5,38.3,1.9,0.8,14.4,23.9,0.0,1.3,1.3,.027,-0.3,-1.3,-1.6,0.2,,smithis01
80,Ish Smith,27,NOP,PG,27,3,617,16.3,.484,.145,.189,2.4,14.5,8.3,39.1,1.9,0.8,15.4,20.9,0.5,0.4,0.9,.070,0.9,-0.5,0.3,0.4,,smithis01
80,Ish Smith,27,PHI,PG,50,50,1622,14.4,.460,.185,.180,1.9,12.8,7.1,37.9,1.9,0.8,14.0,25.0,-0.6,0.9,0.4,.011,-0.7,-1.6,-2.3,-0.1,,smithis01
81,Justise Winslow,19,MIA,SF,78,8,2232,8.4,.489,.251,.253,4.2,15.8,10.2,7.4,1.6,0.9,15.6,12.5,-0.2,2.7,2.5,.054,-3.3,0.7,-2.6,-0.3,ROY-6,winslju01
82,Gorgui Dieng,26,MIN,C,82,39,2220,17.1,.601,.035,.428,8.3,22.1,15.3,10.1,2.1,3.5,16.9,16.7,3.4,2.5,5.9,.127,-0.1,0.8,0.8,1.5,,dienggo01
83,Robin Lopez,27,NYK,C,82,82,2219,17.6,.574,.002,.243,13.4,16.2,14.8,8.5,0.4,4.4,15.4,17.7,3.7,2.1,5.8,.126,0.4,-0.5,-0.2,1.0,,lopezro01
84,Darren Collison,28,SAC,PG,74,15,2219,15.9,.591,.280,.291,1.4,6.8,4.1,21.7,1.6,0.1,12.9,19.2,4.5,0.7,5.2,.113,0.9,-0.8,0.1,1.2,6MOY-15,collida01
85,Raymond Felton,31,DAL,PG,80,31,2192,11.9,.502,.312,.258,1.8,11.1,6.5,20.3,1.6,0.6,13.7,18.4,1.0,1.7,2.7,.059,-1.7,0.1,-1.6,0.2,,feltora01
86,Matt Barnes,35,MEM,SF,76,45,2190,11.7,.503,.534,.199,4.2,18.3,10.9,11.6,1.8,2.4,13.8,17.9,0.4,2.2,2.6,.056,-1.1,0.2,-0.9,0.6,,barnema02
87,Anthony Davis,22,NOP,C,61,61,2164,25.0,.559,.095,.379,6.4,26.4,16.1,10.0,1.8,4.7,8.4,29.6,4.4,2.8,7.2,.160,3.6,0.4,3.9,3.2,DPOY-9AS,davisan02
88,Hollis Thompson,24,PHI,SG,77,17,2154,9.2,.525,.576,.141,2.6,11.4,6.9,7.4,0.8,0.8,9.5,16.2,0.7,0.5,1.2,.026,-1.6,-1.7,-3.4,-0.7,,thompho01
89,Dion Waiters,24,OKC,SG,78,15,2152,9.4,.492,.340,.222,1.9,8.0,5.1,10.0,1.9,0.5,13.4,17.7,0.3,1.8,2.1,.046,-2.4,-0.4,-2.8,-0.4,,waitedi01
90,Elfrid Payton,21,ORL,PG,73,69,2145,13.9,.478,.126,.260,3.9,9.6,6.7,32.8,2.1,0.8,17.9,20.4,0.5,1.7,2.2,.050,-0.7,-0.6,-1.2,0.4,,paytoel01
91,Jamal Crawford,35,LAC,SG,79,5,2126,14.0,.529,.366,.289,1.0,6.3,3.7,14.0,1.2,0.4,9.6,24.9,1.8,1.5,3.3,.076,0.1,-1.5,-1.4,0.3,6MOY-1,crawfja01
92,Hassan Whiteside,26,MIA,C,73,43,2125,25.6,.629,.000,.482,13.1,32.4,23.1,2.4,1.1,9.7,14.2,20.7,5.0,5.3,10.3,.233,1.7,2.4,4.1,3.3,DPOY-3DEF2,whiteha01
93,Bojan Bogdanović,26,BRK,SF,79,39,2115,10.7,.550,.451,.176,1.9,11.8,6.8,7.3,0.7,0.2,12.5,19.4,0.9,0.0,0.9,.021,-1.0,-2.6,-3.5,-0.8,,bogdabo02
94,Devin Booker,19,PHO,SG,76,51,2108,11.9,.535,.333,.295,1.4,8.4,4.8,15.8,1.0,0.8,14.0,23.0,1.2,0.7,1.9,.043,-1.2,-1.7,-2.8,-0.5,ROY-4,bookede01
95,Deron Williams,31,DAL,PG,65,63,2106,14.6,.530,.364,.266,1.0,8.9,5.0,29.3,1.5,0.6,14.8,22.0,2.2,1.4,3.7,.083,0.4,-0.7,-0.3,0.9,,willide01
96,Allen Crabbe,23,POR,SG,81,8,2105,12.2,.572,.420,.167,1.4,9.7,5.6,7.2,1.5,0.6,8.1,16.4,3.1,1.2,4.3,.098,-0.9,-0.1,-1.0,0.5,6MOY-16,crabbal01
97,Jared Dudley,30,WAS,PF,81,41,2098,11.7,.602,.489,.201,2.8,12.6,7.6,11.4,1.7,0.7,13.1,12.7,2.6,2.0,4.6,.105,-0.8,0.7,-0.1,1.0,,dudleja01
98,JJ Redick,31,LAC,SG,75,75,2097,17.5,.632,.478,.233,0.5,6.6,3.6,8.6,1.0,0.2,7.4,22.6,5.3,1.4,6.7,.154,3.3,-1.1,2.2,2.2,,redicjj01
99,Derrick Rose,27,CHI,PG,66,66,2097,13.4,.479,.143,.171,2.4,8.8,5.6,25.5,1.1,0.5,13.4,27.3,-0.8,1.2,0.4,.009,-0.6,-1.9,-2.5,-0.3,,rosede01
100,Mason Plumlee,25,POR,C,82,82,2084,17.2,.564,.008,.648,10.4,22.2,16.3,16.2,1.6,3.2,18.8,17.1,3.4,2.7,6.1,.140,0.0,1.6,1.5,1.9,,plumlma01
101,Kent Bazemore,26,ATL,SF,75,68,2083,13.4,.551,.421,.208,1.5,18.0,9.9,12.7,2.3,1.4,14.8,20.0,0.3,3.8,4.1,.094,-1.2,1.5,0.3,1.2,,bazemke01
102,Emmanuel Mudiay,19,DEN,PG,68,66,2068,9.9,.437,.256,.231,1.7,10.9,6.2,29.0,1.6,1.4,17.9,25.7,-3.3,1.2,-2.1,-0.049,-2.3,-1.9,-4.2,-1.2,ROY-7,mudiaem01
103,Jerami Grant,21,PHI,PF,77,52,2066,12.6,.506,.244,.538,5.0,14.3,9.5,10.4,1.3,4.7,12.9,18.0,0.5,1.6,2.1,.050,-2.1,0.4,-1.7,0.1,,grantje01
104,Danny Green,28,SAS,SG,79,79,2062,10.5,.492,.622,.082,2.7,13.6,8.4,9.3,2.0,2.4,11.4,14.6,0.2,4.1,4.2,.099,-1.0,2.1,1.1,1.6,,greenda02
105,Jeremy Lin,27,CHO,SG,78,13,2048,13.8,.534,.310,.401,2.2,11.4,6.8,18.6,1.4,1.7,14.9,22.2,1.3,2.3,3.5,.082,-1.0,0.0,-0.9,0.5,6MOY-7,linje01
106,Kristaps Porziņģis,20,NYK,PF,72,72,2047,17.7,.518,.274,.271,7.1,20.7,14.0,7.9,1.3,5.0,10.9,24.6,1.5,2.9,4.4,.102,0.6,0.3,0.9,1.5,ROY-2,porzikr01
107,Cory Joseph,24,TOR,SG,80,4,2046,12.4,.512,.188,.297,2.2,9.4,5.9,19.3,1.6,0.8,13.4,17.0,1.8,1.7,3.5,.082,-1.1,-0.1,-1.2,0.4,,josepco01
108,Harrison Barnes,23,GSW,SF,66,59,2042,12.3,.559,.338,.212,4.3,12.4,8.6,7.8,1.0,0.4,7.6,15.9,3.1,1.9,4.9,.116,-0.2,-1.1,-1.3,0.3,,barneha02
109,Patrick Beverley,27,HOU,PG,71,63,2041,13.0,.553,.522,.148,3.9,9.6,6.8,17.9,2.3,1.1,12.6,15.3,3.1,1.3,4.4,.103,0.0,0.1,0.2,1.1,,beverpa01
110,Nikola Vučević,25,ORL,C,65,60,2037,21.1,.531,.009,.143,9.3,22.2,15.7,15.9,1.3,2.8,10.0,26.8,2.8,2.4,5.2,.122,1.9,0.0,1.9,2.0,,vucevni01
111,Langston Galloway,24,NYK,PG,82,7,2033,11.7,.490,.381,.194,2.3,13.0,7.7,15.7,1.9,0.8,8.7,15.6,1.4,1.8,3.3,.077,-1.7,0.7,-1.0,0.5,,gallola01
112,José Calderón,34,NYK,PG,72,72,2024,12.3,.571,.446,.105,1.2,11.0,6.2,22.3,1.6,0.3,15.4,12.6,2.7,1.4,4.0,.096,-0.8,0.1,-0.6,0.7,,caldejo01
113,Patrick Patterson,26,TOR,PF,79,0,2020,10.6,.534,.594,.069,4.4,14.8,9.7,7.1,1.4,1.3,11.3,12.9,1.6,2.0,3.6,.086,-0.1,0.0,-0.1,1.0,6MOY-16,pattepa01
114,Zach Randolph,34,MEM,PF,68,53,2016,18.3,.519,.029,.238,9.7,20.7,15.0,12.9,1.1,0.6,9.5,24.6,2.8,1.5,4.3,.103,1.4,-1.7,-0.3,0.9,,randoza01
115,Steven Adams,22,OKC,C,80,80,2014,15.5,.621,.000,.460,12.5,16.1,14.4,4.3,1.0,3.3,14.1,12.6,4.2,2.3,6.5,.155,0.0,0.2,0.2,1.1,,adamsst01
116,Ryan Anderson,27,NOP,PF,66,7,2008,17.2,.546,.385,.245,7.0,15.2,10.9,6.1,0.9,1.0,8.0,24.7,3.1,0.8,3.9,.092,2.2,-2.4,-0.2,0.9,6MOY-6,anderry01
117,Zaza Pachulia,31,DAL,C,76,69,2004,16.2,.550,.006,.587,13.7,25.7,19.7,9.7,1.6,0.9,16.8,16.2,3.4,2.7,6.0,.145,-0.3,0.1,-0.2,0.9,,pachuza01
118,Derrick Favors,24,UTA,PF,62,59,1983,21.6,.551,.005,.313,10.0,19.6,14.8,8.9,2.0,3.9,10.1,23.9,3.8,3.4,7.1,.173,2.1,1.2,3.3,2.6,,favorde01
119,Tony Parker,33,SAS,PG,72,72,1980,16.2,.546,.092,.241,1.0,8.8,5.1,29.1,1.4,0.4,14.3,21.2,2.9,2.9,5.8,.142,0.2,0.2,0.4,1.2,,parketo01
120,Dante Cunningham,28,NOP,SF,80,46,1971,8.6,.540,.422,.199,3.1,10.4,6.6,5.6,1.1,1.4,8.4,11.0,1.5,0.7,2.1,.052,-2.3,-0.5,-2.8,-0.4,,cunnida01
121,Isaiah Canaan,24,PHI,SG,77,39,1966,11.1,.528,.672,.249,1.1,8.8,4.8,11.3,1.4,0.5,10.2,19.9,0.9,0.5,1.4,.035,-0.8,-1.6,-2.4,-0.2,,canaais01
122,Nerlens Noel,21,PHI,C,67,62,1965,16.2,.544,.003,.387,8.2,22.2,15.0,10.5,2.9,3.9,18.7,18.8,0.3,2.8,3.0,.074,-1.7,1.5,-0.2,0.9,,noelne01
123,Garrett Temple,29,WAS,SF,80,43,1951,9.3,.520,.511,.248,2.0,10.3,6.1,10.0,1.7,0.7,10.3,14.0,1.0,1.7,2.7,.066,-2.5,0.4,-2.1,0.0,,templga01
124,Taj Gibson,30,CHI,PF,73,55,1936,15.7,.556,.006,.292,11.4,15.9,13.7,8.3,1.2,2.9,12.1,14.6,3.2,2.2,5.4,.133,-0.4,0.4,0.0,1.0,,gibsota01
125,Rudy Gobert,23,UTA,C,61,60,1932,17.5,.582,.000,.799,12.6,27.7,20.2,7.4,1.2,5.9,19.2,14.2,2.6,3.8,6.4,.160,0.0,2.2,2.2,2.0,DPOY-7,goberru01
126,Jared Sullinger,23,BOS,PF,81,73,1915,16.7,.476,.128,.200,10.6,27.0,18.7,15.5,1.9,1.9,10.4,21.8,1.3,3.6,4.8,.121,0.0,0.7,0.6,1.3,,sullija01
127,Lou Williams,29,LAL,SG,67,35,1907,17.7,.584,.462,.612,1.7,8.1,4.8,15.1,1.6,0.8,10.8,22.8,4.5,0.3,4.7,.119,2.4,-1.1,1.3,1.6,,willilo02
128,Robert Covington,25,PHI,SF,67,49,1903,13.2,.543,.677,.249,3.6,20.9,12.0,8.4,2.7,1.6,15.3,21.5,-0.1,2.1,2.0,.050,-1.1,0.1,-0.9,0.5,,covinro01
129,Ersan İlyasova,28,2TM,PF,74,56,1881,14.2,.526,.392,.233,8.1,15.6,11.7,5.6,1.4,1.4,8.9,18.6,2.4,2.0,4.4,.113,0.2,-0.4,-0.2,0.9,,ilyaser01
129,Ersan İlyasova,28,DET,PF,52,52,1434,14.1,.530,.423,.215,7.3,14.5,10.7,6.1,1.3,1.4,9.6,18.7,1.8,1.5,3.3,.111,0.4,0.1,0.5,0.9,,ilyaser01
129,Ersan İlyasova,28,ORL,PF,22,4,447,14.7,.515,.288,.294,11.0,19.1,15.0,4.0,1.6,1.1,6.5,18.3,0.6,0.5,1.1,.117,-0.5,-1.9,-2.4,0.0,,ilyaser01
130,Omri Casspi,27,SAC,PF,69,21,1880,13.9,.587,.441,.256,3.4,20.1,11.8,7.5,1.4,0.7,12.0,17.8,2.1,1.5,3.6,.092,0.4,-0.2,0.1,1.0,,casspom01
131,Roy Hibbert,29,LAL,C,81,81,1878,11.2,.507,.005,.353,7.3,15.8,11.4,8.0,0.9,4.6,13.8,12.9,1.1,1.0,2.2,.056,-3.5,0.2,-3.2,-0.6,,hibbero01
132,Brandon Knight,24,PHO,SG,52,50,1870,14.7,.522,.392,.204,2.0,9.9,5.9,24.4,1.6,0.9,15.4,26.2,0.7,0.9,1.7,.043,0.9,-1.5,-0.6,0.6,,knighbr03
133,Matthew Dellavedova,25,CLE,PG,76,14,1867,11.3,.527,.468,.129,2.0,7.8,4.9,26.2,1.2,0.4,17.7,15.9,2.2,1.6,3.8,.098,-0.7,-0.5,-1.2,0.4,,dellama01
134,Aaron Gordon,20,ORL,PF,78,37,1863,17.0,.541,.245,.333,9.0,21.3,15.1,10.3,1.6,2.4,9.0,17.3,3.2,2.2,5.4,.139,0.9,0.1,1.0,1.4,,gordoaa01
135,Kobe Bryant,37,LAL,SF,66,66,1863,14.9,.469,.420,.252,2.3,12.3,7.1,19.1,1.7,0.5,9.4,32.2,-0.9,0.5,-0.4,-0.010,0.9,-2.4,-1.6,0.2,AS,bryanko01
136,Doug McDermott,24,CHI,SF,81,4,1861,10.9,.561,.402,.130,2.1,8.8,5.5,5.0,0.4,0.2,7.2,17.3,2.1,0.7,2.8,.073,-1.0,-1.9,-2.9,-0.4,,mcderdo01
137,Danilo Gallinari,27,DEN,SF,53,53,1839,19.0,.582,.341,.617,3.1,14.0,8.5,11.8,1.1,0.8,8.0,23.0,5.5,0.9,6.3,.165,3.4,-0.7,2.7,2.2,,gallida01
138,Jrue Holiday,25,NOP,PG,65,23,1831,19.7,.529,.277,.231,1.6,10.5,5.9,37.3,2.4,1.0,14.0,28.9,2.2,1.2,3.4,.089,2.7,-0.6,2.1,1.9,6MOY-16,holidjr01
139,Alex Len,22,PHO,C,78,46,1821,12.4,.482,.011,.383,10.4,25.4,17.7,8.5,1.0,2.8,16.6,20.4,-0.5,1.8,1.3,.035,-3.5,-0.8,-4.3,-1.0,,lenal01
140,Ian Mahinmi,29,IND,C,71,71,1816,16.6,.603,.000,.502,8.3,22.1,15.3,8.9,1.8,3.3,15.5,15.7,2.9,3.3,6.2,.163,-0.9,1.9,0.9,1.4,,mahinia01
141,Nik Stauskas,22,PHI,SG,73,35,1809,9.2,.517,.596,.217,1.3,10.0,5.5,12.0,1.2,0.8,13.6,16.7,0.0,0.5,0.5,.012,-2.3,-1.5,-3.8,-0.8,,stausni01
142,Bismack Biyombo,23,TOR,C,82,22,1808,14.9,.586,.003,.785,11.7,29.5,20.8,2.4,0.5,6.1,15.5,11.5,2.8,3.1,5.9,.156,-1.3,1.1,-0.2,0.8,,biyombi01
143,Amir Johnson,28,BOS,PF,79,76,1800,16.0,.602,.101,.284,10.3,19.6,14.9,11.4,1.4,3.6,16.4,13.6,3.0,2.9,5.9,.158,-0.4,1.6,1.2,1.4,,johnsam01
144,Chandler Parsons,27,DAL,SF,61,51,1799,16.2,.589,.386,.209,1.8,15.6,8.7,16.0,1.3,1.0,11.8,20.5,2.6,1.6,4.3,.114,1.8,0.2,2.0,1.8,,parsoch01
145,Marc Gasol,31,MEM,C,52,52,1791,17.7,.528,.004,.347,3.5,20.2,11.5,18.9,1.4,3.6,12.7,23.4,1.8,1.9,3.7,.098,0.8,0.9,1.7,1.7,,gasolma01
146,Chris Bosh,31,MIA,PF,53,53,1778,20.2,.571,.289,.349,3.2,21.1,12.4,12.1,1.0,1.5,8.1,24.7,4.1,2.3,6.4,.172,3.6,0.5,4.0,2.7,AS,boshch01
147,Cody Zeller,23,CHO,C,73,60,1774,16.1,.592,.023,.531,8.4,19.7,14.0,6.3,1.6,2.9,11.2,15.4,3.6,2.7,6.3,.169,-1.1,1.0,-0.1,0.9,,zelleco01
148,Mike Conley,28,MEM,PG,56,56,1761,19.4,.538,.309,.329,1.6,9.3,5.3,32.7,2.0,0.8,9.5,22.4,4.2,1.1,5.3,.144,3.5,-0.5,3.0,2.2,,conlemi01
149,Thabo Sefolosha,31,ATL,SF,75,11,1758,12.4,.578,.331,.266,3.3,17.1,10.4,8.8,2.4,1.7,14.1,12.3,1.3,3.2,4.5,.122,-1.5,2.3,0.8,1.3,,sefolth01
150,Shane Larkin,23,BRK,PG,78,17,1751,13.3,.515,.215,.213,1.8,9.9,5.8,29.3,2.7,0.6,21.0,17.7,0.5,1.0,1.4,.039,-1.6,-0.4,-2.0,0.0,,larkish01
151,Terrence Ross,24,TOR,SF,73,7,1747,12.9,.551,.542,.099,1.4,10.6,6.1,5.3,1.6,1.2,6.6,18.2,2.1,1.6,3.6,.100,0.6,-0.3,0.3,1.0,,rosste01
152,Nikola Jokić,20,DEN,C,80,55,1733,21.5,.582,.140,.317,11.4,24.7,17.9,18.1,2.3,2.3,13.2,19.9,4.5,2.2,6.7,.185,2.6,1.3,3.9,2.6,ROY-3,jokicni01
153,Andre Iguodala,32,GSW,SF,65,1,1732,12.2,.565,.418,.226,3.4,12.4,8.2,16.3,2.0,0.8,16.3,12.1,2.3,2.1,4.4,.122,-0.2,1.3,1.1,1.4,6MOY-2,iguodan01
154,Enes Freedom,23,OKC,C,82,1,1721,24.0,.626,.029,.349,16.7,24.9,21.0,3.1,0.7,1.5,12.2,23.4,6.0,2.1,8.1,.226,3.3,-2.1,1.2,1.4,6MOY-3,kanteen01
155,Frank Kaminsky,22,CHO,C,81,3,1708,12.5,.513,.385,.282,4.4,17.2,10.7,9.0,1.1,2.0,8.9,17.1,1.2,2.1,3.3,.093,-1.0,0.2,-0.8,0.5,,kaminfr01
156,Bradley Beal,22,WAS,SG,55,35,1708,15.5,.547,.339,.220,2.6,9.8,6.2,15.6,1.5,0.5,11.3,25.3,1.4,1.3,2.7,.076,1.2,-0.9,0.3,1.0,,bealbr01
157,Kenneth Faried,26,DEN,PF,67,64,1694,21.0,.577,.003,.355,15.1,23.0,19.0,8.1,0.9,2.9,11.2,21.0,4.0,1.5,5.5,.156,1.7,-1.4,0.3,1.0,,farieke01
158,Stanley Johnson,19,DET,SF,73,6,1687,8.7,.460,.342,.170,3.6,16.7,9.9,10.8,1.6,0.5,15.0,19.6,-1.3,1.9,0.6,.018,-3.5,0.2,-3.3,-0.5,,johnsst04
159,Mirza Teletović,30,PHO,PF,79,1,1686,16.2,.571,.592,.199,3.5,16.3,9.7,9.1,0.9,1.0,9.0,23.4,2.9,0.9,3.8,.109,2.8,-1.4,1.3,1.4,6MOY-16,teletmi01
160,Ed Davis,26,POR,PF,81,0,1684,18.7,.616,.000,.605,14.4,24.2,19.3,7.7,1.7,3.3,13.0,12.7,4.4,2.3,6.7,.192,1.0,0.9,1.9,1.6,6MOY-8,davised01
161,Shabazz Muhammad,23,MIN,SF,82,0,1682,15.2,.548,.223,.355,7.0,11.4,9.2,5.2,0.7,0.3,8.2,22.8,2.6,0.2,2.7,.077,0.6,-3.1,-2.5,-0.2,,muhamsh01
162,Marco Belinelli,29,SAC,SG,68,7,1672,9.4,.500,.468,.217,0.7,6.9,3.8,11.1,1.1,0.1,10.3,19.7,0.2,0.3,0.5,.014,-2.1,-1.7,-3.8,-0.8,,belinma01
163,Corey Brewer,29,HOU,SF,82,12,1669,9.9,.481,.406,.254,2.8,10.4,6.6,10.0,2.5,0.9,11.3,17.8,0.1,1.2,1.2,.035,-2.7,-0.3,-2.9,-0.4,,breweco01
164,Ramon Sessions,29,WAS,PG,82,5,1667,15.9,.565,.188,.478,1.6,12.2,6.8,22.0,1.3,0.2,13.8,21.8,2.5,1.3,3.8,.109,0.2,-0.5,-0.3,0.7,,sessira01
165,J.J. Barea,31,DAL,PG,74,16,1667,15.4,.536,.366,.135,1.7,8.3,5.0,31.5,0.8,0.1,13.0,23.8,2.1,0.7,2.8,.082,1.6,-1.6,0.0,0.9,6MOY-12,bareajo01
166,Marcus Smart,21,BOS,PG,61,10,1667,11.3,.463,.456,.314,4.8,11.6,8.1,15.8,2.7,0.8,11.7,17.4,0.5,2.4,2.9,.083,-2.2,1.2,-1.0,0.4,,smartma01
167,Kyrie Irving,23,CLE,PG,53,53,1667,19.9,.540,.298,.217,3.0,7.6,5.3,26.6,1.7,0.9,11.4,29.5,3.2,1.7,5.0,.143,3.2,-0.8,2.3,1.8,,irvinky01
168,Wesley Johnson,28,LAC,SF,80,9,1666,11.0,.513,.600,.089,2.5,13.6,8.1,4.4,2.7,2.6,9.2,16.0,0.0,2.7,2.6,.076,-1.7,1.5,-0.2,0.8,,johnswe01
169,Patty Mills,27,SAS,PG,81,3,1662,14.6,.541,.523,.095,1.9,8.7,5.4,20.1,1.8,0.3,10.7,19.7,2.2,2.6,4.8,.139,0.8,0.7,1.5,1.5,,millspa02
170,Michael Carter-Williams,24,MIL,PG,54,37,1649,13.9,.497,.099,.292,3.4,15.7,9.6,26.6,2.5,2.1,19.6,21.3,-0.4,1.6,1.2,.035,-1.4,0.6,-0.7,0.5,,cartemi01
171,Nikola Mirotić,24,CHI,PF,66,38,1646,15.6,.564,.568,.297,3.8,19.1,11.6,9.4,1.8,2.0,12.9,21.1,1.8,2.2,3.9,.115,1.0,0.4,1.5,1.5,,mirotni01
172,Randy Foye,32,2TM,SG,81,8,1642,7.6,.461,.519,.154,1.6,8.8,5.2,14.1,1.2,1.4,14.3,15.9,-0.4,0.9,0.4,.012,-2.7,-0.5,-3.3,-0.5,,foyera01
172,Randy Foye,32,DEN,SG,54,7,1070,7.8,.457,.508,.141,1.6,9.4,5.4,15.6,1.2,1.2,14.1,16.8,-0.5,0.4,0.0,-0.002,-3.0,-0.8,-3.7,-0.5,,foyera01
172,Randy Foye,32,OKC,SG,27,1,572,7.1,.469,.544,.181,1.6,7.8,4.9,11.3,1.1,1.7,14.8,14.1,0.0,0.4,0.4,.038,-2.2,-0.1,-2.3,0.0,,foyera01
173,Luis Scola,35,TOR,PF,76,76,1636,13.6,.523,.269,.140,6.0,19.0,12.6,6.8,1.5,1.4,9.7,19.5,1.4,1.9,3.3,.098,-0.8,-0.3,-1.1,0.4,,scolalu01
174,Trevor Booker,28,UTA,PF,79,2,1632,14.4,.533,.106,.273,11.9,20.4,16.2,8.2,1.9,2.1,15.7,14.6,1.8,2.6,4.3,.128,-1.0,1.0,0.0,0.8,,booketr01
175,Alonzo Gee,28,NOP,SF,73,38,1632,8.4,.572,.235,.259,3.9,13.0,8.3,6.2,1.9,0.7,16.2,9.2,1.0,0.9,1.9,.056,-3.2,0.6,-2.6,-0.2,,geeal01
176,Markieff Morris,26,2TM,PF,64,45,1629,12.2,.489,.216,.205,4.8,19.3,11.9,12.7,1.7,1.7,14.7,24.2,-1.2,1.7,0.5,.015,-2.3,-0.1,-2.4,-0.2,,morrima02
176,Markieff Morris,26,PHO,PF,37,24,917,10.8,.456,.176,.213,5.0,18.3,11.5,16.1,1.8,1.5,16.0,26.0,-1.3,0.8,-0.5,-0.029,-3.1,-0.5,-3.7,-0.4,,morrima02
176,Markieff Morris,26,WAS,PF,27,21,712,14.0,.538,.275,.192,4.6,20.5,12.4,8.2,1.7,1.9,12.6,21.9,0.2,0.9,1.1,.072,-1.3,0.5,-0.9,0.2,,morrima02
177,Dennis Schröder,22,ATL,PG,80,6,1621,15.5,.510,.306,.233,1.7,11.8,6.9,36.1,2.1,0.4,17.5,28.8,-0.2,2.3,2.2,.064,-0.3,-0.4,-0.8,0.5,6MOY-9,schrode01
178,Tony Allen,34,MEM,SG,64,57,1620,12.9,.505,.090,.294,7.0,14.1,10.4,6.9,3.5,1.0,12.8,16.8,0.5,1.9,2.4,.072,-2.2,1.2,-1.0,0.4,DPOY-8DEF2,allento01
179,Tyson Chandler,33,PHO,C,66,60,1618,14.7,.606,.003,.545,11.5,27.5,19.3,6.0,1.1,2.2,19.3,12.7,2.1,1.6,3.8,.112,-0.8,-0.2,-1.1,0.4,,chandty01
180,Wayne Ellington,28,BRK,SG,76,41,1615,10.1,.498,.478,.112,1.4,10.9,6.1,7.8,1.5,0.3,7.1,17.5,0.5,0.3,0.8,.025,-1.5,-1.3,-2.8,-0.3,,ellinwa01
181,T.J. McConnell,23,PHI,PG,81,17,1606,14.5,.511,.192,.088,2.8,14.5,8.5,37.2,2.9,0.5,22.5,17.0,0.6,1.4,1.9,.058,-1.5,0.3,-1.2,0.3,,mccontj01
182,Lavoy Allen,26,IND,PF,79,28,1599,12.4,.532,.000,.197,11.1,17.8,14.5,7.1,0.8,2.1,14.6,13.0,1.6,2.1,3.7,.110,-1.7,0.1,-1.6,0.2,,allenla01
183,Jahlil Okafor,20,PHI,C,53,48,1591,17.1,.536,.008,.248,8.1,17.8,12.8,8.2,0.7,2.9,12.5,27.3,0.3,0.9,1.2,.037,-0.5,-1.8,-2.3,-0.1,ROY-5,okafoja01
184,Gerald Green,30,MIA,SG,69,14,1557,10.1,.491,.443,.157,1.9,9.7,5.9,5.6,1.3,0.9,6.8,19.8,0.3,1.4,1.7,.052,-2.1,-0.9,-3.1,-0.4,,greenge01
185,Jonas Valančiūnas,23,TOR,C,60,59,1557,22.6,.610,.000,.397,13.8,26.3,20.1,4.8,0.8,4.2,11.9,20.9,4.5,2.4,6.9,.211,2.1,-0.5,1.7,1.4,,valanjo01
186,Andre Roberson,24,OKC,SG,70,70,1553,10.2,.566,.376,.197,5.9,11.4,8.8,4.0,1.7,2.0,10.5,9.1,1.8,1.6,3.4,.105,-0.7,1.3,0.5,1.0,,roberan03
187,Tim Duncan,39,SAS,C,61,60,1536,16.9,.523,.005,.297,8.8,23.8,16.6,15.3,1.6,3.9,15.3,17.6,1.6,3.6,5.2,.163,-0.1,3.1,3.0,2.0,,duncati01
188,Shaun Livingston,30,GSW,PG,78,3,1520,13.8,.581,.032,.245,3.2,8.5,6.0,21.0,1.8,1.3,15.7,14.2,2.9,1.7,4.6,.145,-0.7,1.1,0.3,0.9,6MOY-11,livinsh01
189,Darrell Arthur,27,DEN,PF,70,16,1516,12.5,.514,.239,.108,6.2,15.4,10.7,10.0,1.8,2.6,11.4,16.7,1.0,1.3,2.3,.072,-1.3,0.5,-0.8,0.4,,arthuda01
190,Jordan Hill,28,IND,C,73,11,1513,16.4,.534,.002,.228,11.3,21.2,16.3,9.5,1.2,2.0,13.2,20.3,1.6,2.3,3.9,.124,-0.7,0.0,-0.7,0.5,,hilljo01
191,Jerryd Bayless,27,MIL,SG,52,18,1505,12.4,.568,.529,.206,1.6,9.0,5.4,16.2,1.6,0.6,13.3,16.4,1.8,0.6,2.4,.075,0.2,-1.0,-0.8,0.4,,bayleje01
192,Raul Neto,23,UTA,PG,81,53,1499,10.2,.530,.388,.167,1.3,8.0,4.7,18.7,2.2,0.1,19.5,17.2,0.2,1.6,1.8,.058,-2.3,0.3,-2.0,0.0,,netora01
193,Kosta Koufos,26,SAC,C,78,14,1482,15.1,.540,.000,.234,12.4,18.4,15.4,3.3,1.3,3.8,8.9,15.4,2.1,1.4,3.5,.113,-1.3,-0.6,-2.0,0.0,,koufoko01
194,Eric Gordon,27,NOP,SG,45,44,1481,13.5,.565,.533,.226,0.7,6.9,3.7,12.7,1.4,0.8,10.7,20.3,1.7,0.4,2.1,.069,0.9,-1.0,-0.1,0.7,,gordoer01
195,Clint Capela,21,HOU,C,77,35,1471,18.3,.553,.003,.531,14.4,22.7,18.5,5.1,2.0,5.2,10.9,16.1,2.4,2.0,4.4,.144,-0.3,-0.1,-0.4,0.6,,capelca01
196,Austin Rivers,23,LAC,SG,67,7,1464,11.1,.523,.359,.225,1.7,7.9,4.8,10.6,1.6,0.5,9.7,19.4,0.6,1.3,1.9,.063,-2.2,-0.5,-2.7,-0.2,,riverau01
197,C.J. Miles,28,IND,SF,64,24,1464,14.0,.547,.610,.196,1.9,11.1,6.5,7.0,1.8,1.6,9.2,22.8,1.2,1.9,3.1,.103,0.6,-0.1,0.5,0.9,,milescj01
198,Tayshaun Prince,35,MIN,SF,77,44,1462,6.3,.466,.100,.083,2.6,9.0,5.8,7.0,1.2,0.7,10.2,8.1,0.1,0.3,0.4,.014,-2.9,-0.1,-3.0,-0.4,,princta01
199,Maurice Harkless,22,POR,SF,78,14,1457,13.3,.541,.341,.270,7.5,13.3,10.4,6.9,1.7,1.9,11.9,15.6,1.6,1.3,2.9,.096,-0.5,0.0,-0.5,0.5,,harklma01
200,Andrew Bogut,31,GSW,C,70,66,1451,15.9,.623,.004,.179,9.5,26.0,18.3,14.8,1.1,5.8,21.6,11.4,2.6,2.9,5.4,.180,-0.9,3.2,2.4,1.6,,bogutan01
201,JaMychal Green,25,MEM,PF,78,15,1446,14.6,.520,.091,.277,10.5,19.3,14.7,7.7,1.6,2.1,13.0,19.8,1.2,1.4,2.6,.086,-1.5,-1.0,-2.5,-0.2,,greenja01
202,Ben McLemore,22,SAC,SG,68,53,1443,8.6,.531,.407,.226,2.6,8.5,5.6,7.9,1.7,0.6,16.5,17.6,-0.4,0.7,0.3,.010,-3.1,-0.7,-3.8,-0.7,,mclembe01
203,Derrick Williams,24,NYK,SF,80,9,1435,17.2,.550,.265,.453,3.6,18.7,11.3,8.9,1.0,0.5,8.3,23.3,2.4,1.2,3.6,.120,1.5,-1.2,0.3,0.8,,willide02
204,Gerald Henderson,28,POR,SG,72,0,1431,12.9,.526,.257,.276,2.3,13.7,8.0,8.2,1.4,1.0,10.3,20.2,1.0,1.0,2.0,.068,-1.1,-0.7,-1.8,0.1,,hendege02
205,Mario Hezonja,20,ORL,SF,79,9,1413,9.4,.541,.459,.129,2.2,11.8,6.9,11.2,1.4,1.0,18.0,16.9,-0.1,1.0,0.9,.029,-2.4,-0.7,-3.1,-0.4,,hezonma01
206,Willie Cauley-Stein,22,SAC,C,66,39,1412,15.3,.588,.006,.369,10.3,16.6,13.5,3.8,1.6,3.8,10.5,13.2,2.4,1.4,3.8,.130,-0.8,0.1,-0.8,0.4,,caulewi01
207,Ty Lawson,28,2TM,PG,66,13,1411,9.7,.476,.305,.243,2.0,7.4,4.7,24.6,1.9,0.4,19.5,14.9,0.2,0.7,0.9,.032,-2.4,-1.2,-3.6,-0.6,,lawsoty01
207,Ty Lawson,28,HOU,PG,53,12,1176,8.9,.480,.328,.279,1.9,6.5,4.2,22.3,1.8,0.4,20.3,14.8,0.0,0.4,0.4,.017,-2.6,-1.5,-4.1,-0.6,,lawsoty01
207,Ty Lawson,28,IND,PG,13,1,235,13.7,.460,.209,.090,2.8,11.6,7.2,36.1,2.1,0.3,15.7,15.5,0.2,0.3,0.5,.103,-1.3,0.2,-1.2,0.0,,lawsoty01
208,David West,35,SAS,PF,78,19,1404,17.6,.573,.016,.179,6.0,18.6,12.5,15.4,1.6,3.0,12.3,18.0,2.4,2.9,5.4,.184,0.3,2.6,2.9,1.7,,westda01
209,Kelly Olynyk,24,BOS,C,69,8,1395,16.3,.561,.378,.230,5.4,16.2,10.7,11.9,1.8,1.8,10.8,20.9,2.1,2.0,4.1,.141,1.2,0.8,1.9,1.4,,olynyke01
210,Boris Diaw,33,SAS,PF,76,4,1386,14.0,.582,.180,.198,4.9,13.9,9.6,18.4,1.0,1.2,18.9,17.0,1.6,2.2,3.8,.132,-0.1,0.9,0.8,1.0,6MOY-12,diawbo01
211,Trey Lyles,20,UTA,PF,80,33,1382,11.6,.517,.294,.188,5.0,20.2,12.6,7.1,1.0,1.1,12.1,17.9,0.6,1.7,2.3,.079,-1.6,-0.2,-1.8,0.1,,lylestr01
212,Mario Chalmers,29,2TM,PG,61,7,1373,17.3,.561,.336,.590,1.9,11.5,6.5,26.6,3.3,0.9,16.4,21.9,2.3,1.5,3.8,.132,0.0,1.3,1.3,1.2,,chalmma01
212,Mario Chalmers,29,MIA,PG,6,0,120,9.5,.437,.344,.406,1.0,11.9,6.6,22.3,3.4,0.6,19.3,17.8,-0.1,0.2,0.1,.038,-5.3,3.2,-2.0,0.0,,chalmma01
212,Mario Chalmers,29,MEM,PG,55,7,1253,18.0,.570,.335,.604,2.0,11.4,6.5,27.0,3.3,0.9,16.2,22.3,2.4,1.3,3.7,.141,0.6,1.1,1.7,1.2,,chalmma01
213,Lance Stephenson,25,2TM,SF,69,13,1372,13.5,.548,.165,.234,3.2,15.1,9.1,16.2,1.6,0.6,15.2,20.2,0.9,1.3,2.2,.076,-0.9,-0.3,-1.2,0.3,,stephla01
213,Lance Stephenson,25,LAC,SF,43,10,680,9.8,.569,.283,.181,3.1,14.0,8.7,13.1,1.8,0.3,21.1,15.1,0.1,0.8,0.9,.066,-2.7,0.7,-1.9,0.0,,stephla01
213,Lance Stephenson,25,MEM,SF,26,3,692,17.1,.537,.101,.263,3.3,16.2,9.5,19.2,1.4,0.8,11.8,25.3,0.8,0.5,1.2,.086,0.8,-1.3,-0.5,0.3,,stephla01
214,Myles Turner,19,IND,C,60,30,1367,15.4,.531,.026,.228,5.5,21.0,13.3,5.0,0.9,5.1,10.3,20.9,0.8,2.3,3.1,.109,-2.2,0.6,-1.6,0.1,ROY-8,turnemy01
215,Trey Burke,23,UTA,PG,64,0,1366,14.0,.507,.404,.129,1.5,8.0,4.8,19.7,1.4,0.4,10.7,25.3,0.9,1.2,2.1,.074,0.7,-1.2,-0.5,0.5,,burketr01
216,Brandon Bass,30,LAL,PF,66,0,1342,17.3,.619,.006,.467,8.1,15.0,11.4,9.2,1.2,3.2,9.9,13.9,3.4,0.7,4.1,.146,0.6,0.0,0.6,0.9,,bassbr01
217,Anthony Tolliver,30,DET,PF,72,5,1341,10.2,.543,.819,.142,3.1,16.1,9.3,5.6,1.0,0.9,7.4,12.4,1.5,1.3,2.8,.100,-0.1,0.5,0.4,0.8,,tollian01
218,Meyers Leonard,23,POR,PF,61,10,1333,11.3,.561,.524,.106,4.1,21.4,12.8,10.6,0.3,1.1,14.5,17.4,1.2,1.0,2.2,.078,-1.1,-0.6,-1.7,0.1,,leoname01
219,Timofey Mozgov,29,CLE,C,76,48,1326,14.6,.593,.019,.265,9.5,19.2,14.4,3.9,0.9,3.5,15.0,16.1,1.8,1.9,3.7,.133,-1.7,0.3,-1.4,0.2,,mozgoti01
220,Richard Jefferson,35,CLE,SF,74,5,1326,9.7,.585,.554,.279,1.3,9.6,5.5,6.4,1.3,0.9,10.9,13.4,1.4,1.3,2.7,.099,-1.6,0.5,-1.2,0.3,,jefferi01
221,Donald Sloan,28,BRK,PG,61,33,1318,13.9,.536,.283,.297,1.4,13.5,7.4,30.0,1.2,0.2,16.8,16.1,1.7,0.3,2.0,.071,-0.3,-1.4,-1.7,0.1,,sloando01
222,Iman Shumpert,25,CLE,SG,54,5,1316,8.4,.475,.479,.167,2.8,14.6,8.7,9.8,2.1,1.2,14.8,13.2,-0.1,1.8,1.7,.063,-3.0,1.4,-1.5,0.1,,shumpim01
223,Lance Thomas,27,NYK,PF,59,5,1313,10.4,.557,.285,.312,2.9,8.0,5.4,6.4,0.9,0.4,11.6,16.9,1.2,0.5,1.7,.062,-1.7,-1.5,-3.2,-0.4,,thomala01
224,P.J. Hairston,23,2TM,SF,66,52,1313,6.9,.470,.591,.157,2.1,12.8,7.3,4.4,1.2,0.7,8.6,16.4,-0.6,1.1,0.6,.020,-3.8,-0.7,-4.5,-0.8,,hairspj02
224,P.J. Hairston,23,CHO,SF,48,43,938,7.4,.486,.623,.152,2.1,13.0,7.5,4.7,1.3,0.6,7.5,15.3,-0.1,1.0,0.9,.044,-3.5,0.0,-3.5,-0.4,,hairspj02
224,P.J. Hairston,23,MEM,SF,18,9,375,5.7,.438,.523,.167,2.0,12.4,7.0,3.8,1.1,1.0,10.7,19.0,-0.5,0.2,-0.3,-0.039,-4.5,-2.5,-7.0,-0.5,,hairspj02
225,Tony Snell,24,CHI,SF,64,33,1301,6.4,.478,.457,.097,1.6,14.3,8.1,6.9,0.6,1.0,12.8,13.7,-0.5,1.0,0.4,.016,-3.5,-0.5,-4.0,-0.6,,snellto01
226,Devin Harris,32,DAL,PG,64,0,1280,13.1,.559,.422,.374,1.5,10.3,5.9,14.5,2.4,0.8,13.2,17.9,1.2,1.3,2.5,.095,-1.4,1.5,0.1,0.7,,harride01
227,Rodney Stuckey,29,IND,PG,58,1,1275,12.6,.504,.187,.357,1.6,11.7,6.7,17.2,1.7,0.5,12.9,20.3,0.5,1.5,2.0,.077,-1.8,0.4,-1.4,0.2,,stuckro01
228,Luc Mbah a Moute,29,LAC,PF,75,61,1274,7.3,.498,.193,.275,5.2,9.4,7.3,3.3,1.7,1.2,12.8,9.4,0.2,1.3,1.6,.059,-3.2,0.6,-2.6,-0.2,,mbahalu01
229,Larry Nance Jr.,23,LAL,PF,63,22,1266,13.4,.544,.033,.157,8.3,18.6,13.3,5.7,2.1,1.4,11.3,12.6,1.3,0.9,2.2,.083,-1.7,0.2,-1.5,0.2,,nancela02
230,Jerian Grant,23,NYK,PG,76,6,1265,11.2,.479,.256,.315,2.0,10.2,6.2,21.8,2.0,0.6,16.3,19.0,-0.2,1.0,0.8,.030,-2.8,-0.3,-3.1,-0.3,,grantje02
231,E'Twaun Moore,26,CHI,SG,59,22,1263,11.4,.548,.267,.090,1.6,9.3,5.5,12.1,1.5,1.0,11.6,15.9,0.9,1.0,1.8,.070,-1.9,0.0,-1.9,0.0,,mooreet01
232,Toney Douglas,29,NOP,PG,61,18,1262,14.7,.543,.456,.222,2.1,10.7,6.3,19.1,2.8,0.3,11.6,19.4,1.6,0.9,2.5,.094,-0.4,0.4,0.0,0.6,,douglto01
233,Jason Terry,38,HOU,SG,72,7,1258,10.2,.540,.694,.088,1.2,5.7,3.5,12.4,1.8,0.6,11.1,15.0,1.1,0.4,1.5,.057,-0.7,-0.9,-1.6,0.1,,terryja01
234,Jon Leuer,26,PHO,PF,67,27,1255,16.2,.555,.236,.217,6.4,26.3,16.1,9.6,1.5,2.0,12.8,19.8,1.4,1.3,2.7,.103,0.1,0.0,0.0,0.6,,leuerjo01
235,Kyle Anderson,22,SAS,SF,78,11,1245,12.9,.528,.125,.281,2.4,19.4,11.2,13.7,2.5,1.8,15.1,14.4,0.7,2.8,3.5,.133,-1.7,3.1,1.4,1.1,,anderky01
236,Joe Ingles,28,UTA,SF,81,2,1241,10.3,.572,.722,.062,1.8,12.4,7.1,12.1,2.3,0.3,17.9,13.5,0.7,1.6,2.3,.089,-1.4,1.6,0.2,0.7,,inglejo01
237,Aron Baynes,29,DET,C,81,1,1233,17.8,.563,.005,.430,11.9,22.5,17.0,6.6,0.9,3.2,12.8,18.5,2.4,1.7,4.1,.158,-0.5,0.3,-0.2,0.6,,baynear01
238,Paul Pierce,38,LAC,SF,68,38,1231,8.2,.489,.610,.166,1.1,15.2,8.2,8.5,1.3,1.1,12.0,17.8,-0.6,1.4,0.9,.033,-3.0,-0.3,-3.3,-0.4,,piercpa01
239,Jeremy Lamb,23,CHO,SG,66,0,1227,15.9,.529,.355,.173,3.9,18.7,11.2,10.9,1.7,2.0,8.4,22.0,1.0,1.7,2.7,.107,0.1,0.7,0.8,0.9,,lambje01
240,Ronnie Price,32,PHO,PG,62,18,1211,9.6,.517,.649,.136,2.2,6.8,4.4,17.9,3.0,0.9,17.9,13.7,0.4,1.0,1.4,.056,-3.2,1.4,-1.8,0.1,,pricero01
241,Channing Frye,32,2TM,C,70,32,1200,12.9,.586,.677,.101,3.2,18.6,10.9,8.7,1.2,1.9,10.6,15.1,1.6,1.3,3.0,.119,0.3,0.5,0.8,0.8,,fryech01
241,Channing Frye,32,ORL,PF,44,29,754,11.8,.586,.651,.113,3.3,17.6,10.4,8.4,1.4,2.2,13.3,13.2,0.8,0.8,1.5,.097,-0.2,0.9,0.7,0.5,,fryech01
241,Channing Frye,32,CLE,C,26,3,446,14.9,.586,.708,.087,3.1,20.4,11.8,9.1,0.9,1.5,7.2,18.3,0.9,0.6,1.5,.157,1.3,-0.2,1.0,0.3,,fryech01
242,Norris Cole,27,NOP,PG,45,23,1198,10.8,.465,.211,.134,0.9,13.5,7.0,22.0,1.5,0.3,12.8,21.7,-0.6,0.5,-0.1,-0.004,-2.9,-0.9,-3.8,-0.5,,coleno01
243,Jason Smith,29,ORL,C,76,2,1181,14.6,.513,.032,.133,4.9,15.8,10.3,8.6,1.4,4.6,9.7,22.1,0.4,1.4,1.8,.072,-2.5,0.3,-2.2,-0.1,,smithja02
244,Ömer Aşık,29,NOP,C,68,64,1178,11.0,.551,.000,.574,10.9,28.7,19.5,3.1,0.9,1.6,19.7,11.4,0.7,1.0,1.7,.070,-2.8,-1.0,-3.8,-0.5,,asikom01
245,D.J. Augustin,28,2TM,PG,62,0,1178,13.9,.575,.480,.366,0.8,8.0,4.4,25.3,1.6,0.3,17.1,18.0,2.0,0.6,2.6,.106,0.6,-1.1,-0.4,0.4,,augusdj01
245,D.J. Augustin,28,OKC,PG,34,0,519,8.7,.522,.504,.281,1.1,7.6,4.5,16.7,1.2,0.3,18.1,13.6,0.4,0.3,0.7,.065,-1.9,-0.4,-2.4,-0.1,,augusdj01
245,D.J. Augustin,28,DEN,PG,28,0,659,18.0,.601,.467,.410,0.5,8.4,4.4,32.0,1.9,0.2,16.6,21.5,1.6,0.3,1.9,.139,2.7,-1.6,1.1,0.5,,augusdj01
246,Jonas Jerebko,28,BOS,PF,78,0,1176,10.3,.531,.378,.273,6.8,19.4,13.0,7.4,0.8,1.6,14.0,13.5,0.9,1.5,2.4,.097,-2.0,0.0,-2.0,0.0,,jerebjo01
247,Noah Vonleh,20,POR,PF,78,56,1174,8.6,.471,.165,.183,8.4,19.8,14.1,3.7,1.2,1.7,14.3,13.0,0.0,1.1,1.2,.047,-3.9,-0.3,-4.2,-0.6,,vonleno01
248,Blake Griffin,26,LAC,PF,35,35,1170,22.1,.544,.030,.322,4.8,22.3,13.7,27.2,1.2,1.1,10.8,29.8,2.2,1.6,3.8,.156,3.4,1.1,4.5,1.9,,griffbl01
249,JaKarr Sampson,22,2TM,SF,73,40,1160,8.3,.504,.199,.385,4.2,14.0,9.0,6.2,1.0,2.2,15.9,16.6,-0.5,0.6,0.1,.006,-4.5,-1.0,-5.4,-1.0,,sampsja02
249,JaKarr Sampson,22,PHI,SF,47,18,691,7.7,.490,.168,.480,4.6,16.1,10.2,6.9,0.8,1.8,17.2,18.7,-0.6,0.3,-0.3,-0.021,-5.4,-1.3,-6.7,-0.8,,sampsja02
249,JaKarr Sampson,22,DEN,SF,26,22,469,9.3,.532,.252,.217,3.7,10.8,7.2,5.1,1.3,3.0,13.1,13.5,0.1,0.3,0.4,.045,-3.2,-0.4,-3.6,-0.2,,sampsja02
250,Mike Scott,27,ATL,PF,75,0,1146,14.0,.575,.420,.168,5.2,14.2,9.8,10.5,1.1,1.2,9.4,17.4,1.7,1.5,3.2,.132,-0.1,0.0,-0.1,0.6,,scottmi01
251,Manu Ginóbili,38,SAS,SG,58,0,1134,17.8,.573,.411,.257,2.7,11.7,7.3,23.6,3.0,0.8,17.0,23.6,1.5,2.3,3.8,.160,1.4,2.2,3.6,1.6,,ginobma01
252,Archie Goodwin,21,PHO,PG,57,13,1114,11.1,.498,.235,.457,2.6,11.5,6.9,17.2,1.2,1.0,16.5,23.2,-0.4,0.5,0.1,.004,-2.1,-1.5,-3.7,-0.5,,goodwar01
253,Marcus Thornton,28,2TM,SG,61,8,1109,14.7,.511,.498,.146,3.8,11.3,7.5,12.9,2.1,0.3,8.1,24.4,1.0,0.7,1.7,.074,0.9,-1.4,-0.5,0.4,,thornma01
253,Marcus Thornton,28,HOU,SG,47,6,885,14.6,.512,.497,.133,3.8,10.5,7.2,12.8,1.9,0.3,8.0,24.3,0.9,0.4,1.3,.072,1.1,-1.9,-0.8,0.2,,thornma01
253,Marcus Thornton,28,WAS,SG,14,2,224,15.5,.508,.505,.196,3.4,14.3,8.7,13.4,2.8,0.4,8.6,24.8,0.1,0.3,0.4,.080,0.4,0.4,0.8,0.2,,thornma01
254,Aaron Brooks,31,CHI,PG,69,0,1108,11.8,.494,.394,.136,2.0,7.5,4.8,26.0,1.4,0.7,14.2,22.9,0.2,0.7,0.9,.040,-1.3,-1.3,-2.6,-0.2,,brookaa01
255,Josh Richardson,22,MIA,SG,52,2,1107,11.4,.569,.423,.232,2.2,8.5,5.5,9.7,1.7,1.7,10.5,13.8,1.3,1.2,2.5,.109,-1.1,0.7,-0.4,0.5,,richajo01
256,Bobby Portis,20,CHI,PF,62,4,1102,13.8,.469,.119,.151,12.0,20.0,16.1,7.5,1.1,1.5,10.4,20.7,0.3,1.3,1.5,.066,-1.5,-1.8,-3.3,-0.4,,portibo01
257,Al Jefferson,31,CHO,C,47,18,1096,18.2,.507,.000,.220,5.6,24.6,15.0,11.8,1.4,3.0,5.8,24.2,1.0,1.8,2.8,.122,-0.9,0.4,-0.5,0.4,,jeffeal01
258,Kevin Martin,32,2TM,SG,55,13,1095,11.5,.520,.325,.411,1.5,10.0,5.8,8.2,1.2,0.2,9.8,22.6,0.7,0.5,1.2,.054,-1.6,-1.6,-3.2,-0.4,,martike02
258,Kevin Martin,32,MIN,SG,39,12,834,11.9,.523,.308,.425,1.4,9.8,5.6,8.8,1.0,0.1,9.4,23.5,0.7,0.1,0.8,.045,-1.2,-2.0,-3.2,-0.3,,martike02
258,Kevin Martin,32,SAS,SG,16,1,261,10.1,.504,.388,.353,1.8,10.6,6.3,6.4,1.8,0.6,11.7,19.5,0.0,0.4,0.4,.082,-3.1,-0.4,-3.4,-0.1,,martike02
259,Nenê,33,WAS,PF,57,11,1094,16.8,.564,.008,.482,5.2,21.6,13.2,14.1,2.4,1.9,14.0,21.6,1.1,1.6,2.7,.120,-1.3,1.6,0.4,0.6,,hilarne01
260,O.J. Mayo,28,MIL,SG,41,24,1090,7.7,.474,.505,.125,1.4,9.6,5.5,15.8,2.2,0.6,17.5,17.0,-0.7,0.6,-0.1,-0.005,-3.8,-0.2,-4.0,-0.6,,mayooj01
261,Leandro Barbosa,33,GSW,SG,68,0,1079,11.7,.545,.297,.168,3.0,8.4,5.8,10.6,2.0,0.7,11.8,18.1,0.9,1.2,2.1,.092,-1.9,-0.1,-2.0,0.0,,barbole01
262,Nemanja Bjelica,27,MIN,PF,60,0,1075,11.2,.594,.532,.234,5.4,17.2,11.4,11.4,1.2,1.6,15.3,12.8,1.4,0.6,1.9,.087,-0.9,0.2,-0.7,0.3,,bjeline01
263,T.J. Warren,22,PHO,SF,47,4,1070,15.7,.549,.159,.145,5.7,9.3,7.5,7.2,1.7,1.2,6.4,19.9,1.7,0.6,2.2,.101,0.5,-0.9,-0.5,0.4,,warretj01
264,Eric Bledsoe,26,PHO,PG,31,31,1059,20.0,.557,.262,.350,1.8,11.2,6.4,31.8,2.9,1.5,16.2,27.2,1.6,1.0,2.5,.116,2.5,0.8,3.3,1.4,,bledser01
265,Shelvin Mack,25,2TM,PG,52,27,1058,13.6,.507,.301,.147,1.4,12.5,7.0,30.6,1.7,0.2,17.7,23.3,0.2,1.2,1.3,.061,-1.2,-0.4,-1.6,0.1,,macksh01
265,Shelvin Mack,25,ATL,PG,24,0,179,15.4,.464,.284,.126,1.2,11.9,6.7,36.9,2.2,0.0,12.3,28.5,-0.1,0.3,0.2,.045,-1.9,-1.0,-2.9,0.0,,macksh01
265,Shelvin Mack,25,UTA,PG,28,27,879,13.2,.520,.306,.153,1.5,12.6,7.0,29.3,1.6,0.3,19.2,22.2,0.2,0.9,1.2,.064,-1.0,-0.3,-1.3,0.2,,macksh01
266,Brandon Rush,30,GSW,SG,72,25,1055,10.1,.560,.604,.108,2.3,15.4,9.2,7.0,0.9,1.6,10.8,12.5,0.8,1.2,2.0,.090,-0.6,-0.2,-0.8,0.3,,rushbr01
267,Terrence Jones,24,HOU,PF,50,11,1044,13.5,.519,.215,.316,6.5,15.9,11.1,6.3,1.1,3.1,10.5,19.3,0.8,0.7,1.5,.068,-0.9,-1.2,-2.1,0.0,,joneste01
268,Joffrey Lauvergne,24,DEN,C,59,15,1041,15.7,.567,.139,.182,8.1,23.1,15.4,9.1,0.6,1.2,11.6,19.5,1.6,0.7,2.3,.105,-0.3,-1.3,-1.6,0.1,,lauvejo01
269,Jameer Nelson,33,DEN,PG,39,15,1036,9.5,.464,.469,.114,2.0,10.4,6.2,27.3,1.2,0.4,17.0,16.4,0.1,0.4,0.5,.024,-2.2,-0.8,-3.0,-0.3,,nelsoja01
270,Spencer Hawes,27,CHO,PF,57,6,1035,12.4,.508,.333,.212,5.3,20.6,12.9,16.3,1.1,2.1,14.8,17.1,0.6,1.4,1.9,.090,-1.6,1.0,-0.6,0.3,,hawessp01
271,Nick Young,30,LAL,SG,54,2,1033,9.1,.483,.637,.204,1.4,9.0,5.1,5.4,1.1,0.5,6.9,18.5,0.1,0.0,0.1,.003,-1.6,-2.1,-3.7,-0.5,,youngni01
272,Jarrett Jack,32,BRK,PG,32,32,1027,14.5,.505,.285,.313,1.0,14.1,7.4,35.0,1.7,0.6,18.8,21.7,0.5,0.4,0.9,.043,0.0,-0.7,-0.7,0.3,,jackja01
273,Vince Carter,39,MEM,SG,60,3,1005,12.7,.520,.493,.245,3.4,13.6,8.3,8.9,1.9,1.5,8.4,18.5,1.0,0.8,1.8,.084,-0.4,-0.6,-1.0,0.3,,cartevi01
274,Rashad Vaughn,19,MIL,SG,70,6,1001,4.2,.398,.553,.056,1.3,8.7,5.0,5.5,1.5,1.4,9.3,13.5,-1.2,0.4,-0.8,-0.036,-4.4,-1.3,-5.7,-0.9,,vaughra01
275,Dwight Powell,24,DAL,PF,69,2,992,16.8,.557,.054,.480,9.3,20.9,15.1,7.2,1.8,2.0,10.0,18.4,1.8,1.3,3.1,.151,-0.6,0.7,0.1,0.5,,poweldw01
276,Steve Blake,35,DET,PG,58,2,986,9.8,.510,.629,.083,1.0,9.2,4.9,29.5,1.2,0.4,24.6,14.6,0.3,0.8,1.1,.053,-1.7,-0.7,-2.4,-0.1,,blakest01
277,Markel Brown,24,BRK,SG,62,6,982,11.3,.500,.376,.292,2.6,11.5,7.0,13.9,2.0,1.2,12.9,18.9,0.2,0.4,0.6,.031,-2.1,-0.8,-3.0,-0.3,,brownma02
278,Kyle Singler,27,OKC,SF,68,2,977,6.6,.481,.439,.199,5.9,9.6,7.9,3.2,1.5,0.7,11.7,11.9,0.3,0.8,1.1,.054,-3.1,-0.1,-3.2,-0.3,,singlky01
279,John Henson,25,MIL,C,57,1,960,18.6,.580,.003,.402,10.4,15.8,13.2,9.0,1.0,9.7,15.7,19.1,1.2,1.1,2.3,.117,-1.2,1.3,0.2,0.5,,hensojo01
280,Chase Budinger,27,2TM,SF,66,2,929,10.7,.514,.360,.234,5.0,12.6,8.8,10.2,1.7,0.9,14.3,14.5,0.4,1.0,1.4,.073,-1.8,0.5,-1.3,0.2,,budinch01
280,Chase Budinger,27,IND,SF,49,2,729,11.1,.502,.356,.247,4.7,13.4,9.1,9.9,2.0,1.0,12.6,14.9,0.3,1.0,1.3,.084,-1.7,0.9,-0.7,0.2,,budinch01
280,Chase Budinger,27,PHO,SF,17,0,200,9.2,.567,.378,.178,6.4,9.4,7.9,11.4,0.7,0.4,21.1,13.1,0.1,0.0,0.1,.034,-2.2,-1.1,-3.4,-0.1,,budinch01
281,Anthony Morrow,30,OKC,SG,68,6,926,10.7,.543,.613,.117,1.2,5.8,3.6,3.7,1.2,0.4,4.6,16.9,1.4,0.5,1.9,.097,-0.1,-1.0,-1.1,0.2,,morroan01
282,James Johnson,28,TOR,PF,57,32,926,11.4,.532,.275,.283,3.5,11.9,7.8,11.4,1.6,2.9,16.7,15.9,0.3,1.0,1.3,.068,-1.5,0.5,-1.0,0.2,,johnsja01
283,Thomas Robinson,24,BRK,PF,71,7,917,14.5,.453,.003,.375,16.4,27.8,22.0,7.7,2.1,3.2,16.9,19.8,-0.5,1.1,0.6,.033,-2.7,-1.1,-3.8,-0.4,,robinth01
284,Sasha Vujačić,31,NYK,SG,61,25,908,11.1,.503,.516,.141,3.2,14.6,9.0,14.3,1.9,0.4,13.0,16.8,0.3,0.8,1.1,.060,-1.5,0.3,-1.2,0.2,,vujacsa01
285,David Lee,32,2TM,PF,55,5,903,19.6,.568,.003,.278,12.0,24.6,18.3,15.5,1.2,2.5,14.9,21.5,1.7,1.4,3.0,.161,0.7,0.6,1.3,0.7,,leeda02
285,David Lee,32,BOS,PF,30,4,470,15.5,.499,.005,.266,9.1,20.4,14.7,18.3,1.2,2.2,15.1,22.9,0.2,0.7,0.9,.092,-0.7,0.7,0.0,0.2,,leeda02
285,David Lee,32,DAL,PF,25,1,433,24.0,.660,.000,.294,15.2,29.1,22.2,12.5,1.2,2.9,14.8,20.0,1.5,0.7,2.1,.237,2.3,0.6,2.8,0.5,,leeda02
286,Josh Smith,30,2TM,PF,55,7,880,10.6,.439,.410,.192,6.4,17.4,11.9,15.9,1.9,4.3,16.9,22.9,-1.2,1.2,0.0,.000,-3.5,0.4,-3.1,-0.2,,smithjo03
286,Josh Smith,30,LAC,PF,32,1,459,13.2,.456,.322,.233,8.0,21.5,14.8,14.3,2.0,5.8,17.1,23.6,-0.6,0.9,0.3,.036,-2.8,2.3,-0.5,0.2,,smithjo03
286,Josh Smith,30,HOU,PF,23,6,421,7.7,.419,.503,.148,4.7,12.9,8.8,17.7,1.9,2.6,16.7,22.1,-0.7,0.3,-0.4,-0.040,-4.3,-1.6,-5.9,-0.4,,smithjo03
287,Quincy Acy,25,SAC,PF,59,29,876,14.7,.629,.229,.318,8.1,15.1,11.6,4.4,1.6,2.2,10.0,13.1,1.8,0.7,2.5,.137,-0.2,0.2,-0.1,0.4,,acyqu01
288,Miles Plumlee,27,MIL,C,61,14,870,17.4,.606,.000,.253,12.5,18.0,15.2,2.9,1.2,4.9,13.4,15.5,1.4,0.8,2.2,.124,-0.2,-1.3,-1.5,0.1,,plumlmi01
289,Marcelo Huertas,32,LAL,PG,53,0,869,10.4,.488,.265,.126,2.2,9.2,5.6,33.9,1.5,0.6,24.8,16.3,-0.2,0.1,-0.1,-0.006,-2.7,-2.2,-5.0,-0.7,,huertma01
290,Brandon Jennings,26,2TM,PG,48,7,868,13.7,.491,.510,.257,2.0,10.4,6.1,29.2,1.7,0.7,14.4,20.0,0.8,0.7,1.5,.082,0.2,-0.7,-0.4,0.3,,jennibr01
290,Brandon Jennings,26,DET,PG,23,1,416,13.1,.491,.538,.266,1.3,11.2,6.0,25.7,1.3,0.4,12.1,19.0,0.4,0.4,0.8,.094,0.1,-0.2,0.0,0.2,,jennibr01
290,Brandon Jennings,26,ORL,PG,25,6,452,14.3,.490,.484,.248,2.7,9.7,6.1,32.4,2.0,0.9,16.4,20.9,0.3,0.4,0.7,.071,0.3,-1.2,-0.8,0.1,,jennibr01
291,Solomon Hill,24,IND,SF,59,3,866,12.2,.543,.356,.202,4.9,15.9,10.5,9.6,2.1,1.0,12.7,13.2,0.8,1.3,2.1,.117,-1.1,1.2,0.1,0.5,,hillso01
292,Tim Hardaway Jr.,23,ATL,SG,51,1,864,11.7,.563,.540,.211,0.9,9.8,5.4,8.9,1.2,0.6,7.4,16.2,0.9,1.0,1.9,.105,-1.1,0.2,-0.9,0.2,,hardati02
293,Tyler Johnson,23,MIA,SG,36,5,863,13.8,.579,.292,.263,3.8,10.3,7.2,13.9,1.4,1.2,14.8,16.8,1.2,0.9,2.0,.113,-0.1,0.7,0.7,0.6,,johnsty01
294,Alexis Ajinça,27,NOP,C,59,17,861,13.8,.514,.003,.197,9.3,25.9,17.3,5.8,1.1,3.4,13.6,20.4,0.2,0.9,1.0,.058,-3.4,-0.6,-4.0,-0.4,,ajincal01
295,Chris Johnson,25,UTA,SF,70,2,857,8.2,.482,.510,.216,3.7,14.3,9.0,8.0,2.0,2.0,15.8,13.6,-0.1,1.2,1.1,.059,-3.3,1.3,-2.0,0.0,,johnsch04
296,Johnny O'Bryant,22,MIL,PF,66,4,857,7.4,.441,.005,.191,8.7,14.7,11.7,5.4,1.1,0.8,12.0,13.5,-0.2,0.4,0.3,.014,-4.2,-1.7,-5.9,-0.8,,obryajo01
297,Luke Babbitt,26,NOP,SF,47,13,845,11.6,.526,.377,.173,3.2,16.7,9.7,9.6,0.6,0.7,6.9,17.5,0.8,0.3,1.1,.064,-1.0,-1.5,-2.5,-0.1,,babbilu01
298,Kris Humphries,30,3TM,PF,53,17,835,13.1,.517,.366,.285,7.5,21.5,14.4,6.6,0.9,2.2,10.3,19.5,0.5,1.1,1.6,.093,-1.6,-0.4,-2.0,0.0,,humphkr01
298,Kris Humphries,30,WAS,PF,28,14,466,11.8,.524,.424,.196,6.1,21.8,13.8,5.0,0.3,2.4,10.4,18.0,0.3,0.5,0.7,.073,-1.4,-0.9,-2.3,0.0,,humphkr01
298,Kris Humphries,30,PHO,PF,4,3,74,13.5,.367,.278,.222,15.8,31.5,23.5,14.8,2.0,2.2,9.2,25.0,-0.1,0.1,0.0,.012,-1.1,-1.6,-2.7,0.0,,humphkr01
298,Kris Humphries,30,ATL,PF,21,0,295,14.9,.555,.307,.446,7.6,18.5,13.1,6.9,1.7,1.9,10.4,20.4,0.4,0.5,0.9,.143,-2.2,0.8,-1.4,0.0,,humphkr01
299,Marreese Speights,28,GSW,C,72,0,832,17.1,.506,.136,.250,10.6,19.8,15.5,11.4,1.1,3.0,11.5,29.7,0.5,1.2,1.8,.102,-2.3,-1.5,-3.7,-0.4,,speigma01
300,Pablo Prigioni,38,LAC,PG,59,3,823,10.2,.482,.646,.054,5.1,9.9,7.5,21.8,3.2,0.1,24.6,11.0,0.3,1.1,1.5,.087,-2.5,2.1,-0.4,0.3,,prigipa01
301,Andrew Nicholson,26,ORL,PF,56,0,823,14.8,.567,.368,.210,4.5,22.8,13.5,4.8,0.6,2.2,10.8,20.4,0.8,0.8,1.6,.092,0.0,-1.1,-1.1,0.2,,nichoan01
302,Jonathon Simmons,26,SAS,SG,55,2,813,11.9,.586,.194,.380,2.3,10.8,6.7,10.4,1.5,0.5,15.8,18.9,0.7,1.3,2.0,.119,-3.1,0.4,-2.7,-0.2,,simmojo02
303,Gary Neal,31,WAS,SG,40,2,807,13.5,.558,.308,.169,1.5,10.2,5.8,9.2,1.2,0.1,7.7,20.5,0.9,0.5,1.4,.085,-0.1,-1.3,-1.5,0.1,,nealga01
304,Cole Aldrich,27,LAC,C,60,5,800,21.3,.626,.000,.373,11.9,27.1,19.6,10.0,2.9,6.7,19.6,18.4,1.4,2.0,3.5,.209,-0.9,3.4,2.4,0.9,,aldrico01
305,Alec Burks,24,UTA,SG,31,3,797,14.3,.520,.237,.422,2.4,13.6,8.0,13.9,1.2,0.4,11.4,25.9,0.7,0.8,1.5,.090,0.2,-0.6,-0.4,0.3,,burksal01
306,DeMarre Carroll,29,TOR,SF,26,22,786,11.9,.490,.437,.185,4.6,13.1,8.9,5.5,2.9,0.6,8.8,18.5,0.2,1.0,1.2,.074,-0.8,1.1,0.3,0.5,,carrode01
307,Justin Holiday,26,2TM,SG,53,5,773,9.4,.489,.461,.162,1.7,10.5,6.2,10.7,2.1,1.8,13.8,16.2,-0.3,0.9,0.6,.040,-3.3,0.1,-3.1,-0.2,,holidju01
307,Justin Holiday,26,ATL,SG,26,1,263,4.7,.407,.616,.137,1.7,9.3,5.6,5.9,2.4,1.2,14.4,15.4,-0.5,0.4,-0.1,-0.021,-6.1,0.4,-5.6,-0.2,,holidju01
307,Justin Holiday,26,CHI,SG,27,4,510,11.8,.527,.387,.174,1.7,11.1,6.5,13.2,1.9,2.1,13.5,16.6,0.2,0.5,0.8,.072,-1.9,0.0,-1.9,0.0,,holidju01
308,Festus Ezeli,26,GSW,C,46,13,770,17.7,.559,.000,.579,13.5,21.9,18.0,5.8,1.1,4.8,11.7,18.2,1.4,1.3,2.7,.171,-0.6,0.4,-0.1,0.4,,ezelife01
309,Tyreke Evans,26,NOP,SG,25,25,765,17.9,.534,.271,.296,2.8,16.4,9.3,34.6,2.1,0.9,17.1,24.7,0.8,0.6,1.4,.087,1.8,-0.1,1.7,0.7,,evansty01
310,Kyle O'Quinn,25,NYK,PF,65,1,764,17.5,.520,.081,.221,11.0,24.5,17.9,15.9,1.3,4.9,17.0,21.2,0.5,1.2,1.6,.103,-1.0,1.4,0.4,0.5,,oquinky01
311,Amar'e Stoudemire,33,MIA,C,52,36,762,17.3,.599,.000,.303,10.0,22.6,16.5,5.6,1.2,4.1,15.8,17.8,1.1,1.3,2.4,.150,-1.3,0.6,-0.6,0.3,,stoudam01
312,Mo Williams,33,CLE,PG,41,14,748,12.4,.527,.338,.139,0.9,9.9,5.4,21.1,1.0,0.5,15.1,22.8,0.4,0.7,1.1,.067,-0.9,-0.6,-1.5,0.1,,willima01
313,Tim Frazier,25,2TM,PG,51,2,741,13.9,.499,.210,.323,3.8,12.8,8.2,33.3,2.2,0.2,19.9,19.4,0.4,0.5,1.0,.062,-1.5,-0.5,-2.0,0.0,,fraziti01
313,Tim Frazier,25,POR,PG,35,1,272,4.7,.383,.283,.250,4.4,11.2,7.8,21.3,1.8,0.3,28.8,15.0,-0.5,0.2,-0.3,-0.051,-6.3,-0.4,-6.8,-0.3,,fraziti01
313,Tim Frazier,25,NOP,PG,16,1,469,19.1,.539,.183,.349,3.4,13.7,8.4,40.3,2.4,0.2,16.3,22.0,0.9,0.3,1.2,.128,1.3,-0.6,0.8,0.3,,fraziti01
314,Norman Powell,22,TOR,SG,49,24,725,13.3,.541,.389,.231,2.6,14.8,8.8,10.4,2.1,1.1,11.3,17.8,0.7,0.9,1.6,.105,-0.5,0.3,-0.3,0.3,,powelno01
315,James Anderson,26,SAC,SG,51,15,721,6.0,.469,.483,.163,2.0,10.9,6.5,7.7,1.4,1.6,18.0,13.7,-0.6,0.4,-0.3,-0.017,-3.9,-0.6,-4.5,-0.5,,anderja01
316,Tyler Zeller,26,BOS,C,60,3,710,15.4,.539,.000,.372,9.1,17.6,13.3,6.6,0.7,2.4,12.0,23.0,0.8,0.9,1.7,.114,-2.1,-1.2,-3.3,-0.2,,zellety01
317,Beno Udrih,33,2TM,PG,44,5,707,9.5,.496,.222,.101,1.3,10.0,5.8,24.9,1.0,0.1,20.4,16.7,-0.1,0.5,0.4,.029,-2.7,-1.0,-3.6,-0.3,,udrihbe01
317,Beno Udrih,33,MEM,PG,8,0,120,12.6,.497,.239,.065,1.8,7.0,4.3,36.4,1.3,0.8,18.9,21.8,0.0,0.0,0.1,.024,-0.2,-1.7,-1.9,0.0,,udrihbe01
317,Beno Udrih,33,MIA,PG,36,5,587,8.9,.495,.217,.112,1.2,10.7,6.1,22.5,1.0,0.0,20.8,15.7,-0.1,0.5,0.4,.030,-3.2,-0.8,-4.0,-0.3,,udrihbe01
318,Dewayne Dedmon,26,ORL,C,58,20,705,17.0,.606,.000,.429,10.4,25.7,17.9,2.7,1.6,5.4,13.2,15.2,1.2,1.1,2.4,.162,-1.6,0.7,-0.9,0.2,,dedmode01
319,Mike Dunleavy,35,CHI,SF,31,30,703,9.1,.543,.527,.197,1.2,11.0,6.2,8.1,1.0,1.0,11.3,14.4,0.4,0.5,0.9,.063,-2.6,-0.9,-3.5,-0.3,,dunlemi02
320,Richaun Holmes,22,PHI,PF,51,1,702,15.9,.564,.198,.333,9.3,11.7,10.5,8.0,1.3,4.3,11.2,17.9,1.0,0.5,1.5,.103,-1.1,-0.4,-1.5,0.1,,holmeri01
321,Nick Collison,35,OKC,PF,59,4,699,7.7,.498,.018,.303,11.2,15.2,13.3,9.6,1.1,1.7,28.8,10.6,0.1,0.7,0.8,.053,-3.6,0.5,-3.1,-0.2,,collini01
322,Cameron Payne,21,OKC,PG,57,1,698,12.9,.490,.399,.086,1.5,11.2,6.6,22.5,2.6,0.7,13.2,20.3,0.6,0.8,1.4,.093,-1.3,0.6,-0.7,0.2,,payneca01
323,Seth Curry,25,SAC,PG,44,9,692,13.8,.603,.496,.241,1.4,7.9,4.7,14.2,1.5,0.4,12.7,17.4,1.2,0.2,1.4,.097,0.7,-0.9,-0.2,0.3,,curryse01
324,Kelly Oubre Jr.,20,WAS,SF,63,9,671,8.2,.507,.374,.232,4.1,18.4,11.1,2.8,1.6,0.8,12.8,17.4,-0.3,0.7,0.4,.031,-4.6,-0.5,-5.1,-0.5,,oubreke01
325,Charlie Villanueva,31,DAL,PF,62,4,665,11.9,.473,.526,.073,4.0,21.1,12.5,6.2,1.4,1.9,8.4,25.3,-0.6,0.8,0.2,.016,-1.9,-0.8,-2.7,-0.1,,villach01
326,Jeff Withey,25,UTA,C,51,10,658,17.7,.577,.012,.364,10.0,20.7,15.4,5.0,1.7,6.8,13.0,15.1,1.1,1.3,2.3,.171,-1.0,2.0,1.0,0.5,,witheje01
327,C.J. Watson,31,ORL,PG,33,2,656,8.6,.461,.350,.285,1.7,9.6,5.6,18.1,1.4,0.6,14.0,12.1,0.2,0.4,0.6,.047,-3.0,-0.1,-3.0,-0.2,,watsocj01
328,Tyler Ennis,21,MIL,PG,46,7,654,10.7,.510,.209,.182,2.3,10.7,6.6,21.9,1.9,0.1,18.6,17.1,0.1,0.3,0.4,.030,-3.1,-1.1,-4.3,-0.4,,ennisty01
329,Justin Anderson,22,DAL,SF,55,9,647,12.3,.522,.474,.314,3.1,19.3,11.2,6.8,1.5,3.2,10.8,15.8,0.3,0.8,1.1,.083,-1.1,1.4,0.3,0.4,,anderju01
330,Joakim Noah,30,CHI,C,29,2,635,14.1,.406,.008,.338,14.7,27.3,21.1,24.2,1.4,3.3,25.4,14.2,0.0,1.1,1.1,.079,-1.5,3.1,1.6,0.6,,noahjo01
331,Andrea Bargnani,30,BRK,C,46,0,634,11.8,.500,.057,.204,4.9,12.4,8.6,4.8,0.3,1.1,7.9,23.2,0.1,0.0,0.2,.013,-2.6,-2.6,-5.1,-0.5,,bargnan01
332,Kirk Hinrich,35,2TM,PG,46,7,631,7.2,.504,.481,.124,1.4,10.2,5.9,16.0,1.2,0.2,18.1,11.6,0.1,0.5,0.6,.044,-3.9,0.5,-3.5,-0.2,,hinriki01
332,Kirk Hinrich,35,CHI,PG,35,7,555,7.3,.528,.475,.136,1.4,9.5,5.5,15.0,1.2,0.1,17.8,12.0,0.2,0.4,0.6,.048,-3.9,0.3,-3.6,-0.2,,hinriki01
332,Kirk Hinrich,35,ATL,PG,11,0,76,6.2,.227,.545,.000,1.5,15.4,8.6,23.8,1.3,1.0,21.4,8.2,-0.1,0.1,0.0,.019,-4.3,1.8,-2.5,0.0,,hinriki01
333,Sean Kilpatrick,26,2TM,SG,31,0,616,15.6,.576,.422,.248,2.1,8.2,5.1,8.0,1.0,0.3,9.4,23.8,1.0,0.0,1.0,.076,1.0,-3.1,-2.2,0.0,,kilpase01
333,Sean Kilpatrick,26,DEN,SG,8,0,82,8.0,.551,.810,.381,2.7,5.5,4.1,5.4,1.2,0.0,14.0,15.2,0.0,0.0,0.1,.037,-2.3,-1.4,-3.8,0.0,,kilpase01
333,Sean Kilpatrick,26,BRK,SG,23,0,534,16.7,.578,.390,.237,2.1,8.6,5.3,8.4,0.9,0.3,8.9,25.2,0.9,0.0,0.9,.082,1.5,-3.4,-1.9,0.0,,kilpase01
334,Rondae Hollis-Jefferson,21,BRK,SF,29,17,615,14.2,.519,.101,.377,7.0,21.4,14.1,10.1,3.2,2.1,13.9,13.5,0.5,0.7,1.2,.094,-1.4,2.2,0.8,0.4,,holliro01
335,Shabazz Napier,24,ORL,PG,55,0,600,9.6,.460,.517,.224,1.6,8.6,5.1,23.1,1.9,0.1,17.2,19.7,-0.3,0.4,0.1,.004,-2.0,-1.0,-3.0,-0.2,,napiesh01
336,Anthony Brown,23,LAL,SF,29,11,599,4.9,.427,.556,.159,1.6,11.3,6.3,4.8,1.2,0.7,10.0,11.0,-0.4,0.1,-0.3,-0.024,-4.5,-1.0,-5.5,-0.5,,brownan02
337,Josh McRoberts,28,MIA,PF,42,1,595,9.9,.453,.331,.270,4.3,15.3,10.0,19.4,1.6,0.9,15.3,15.0,0.1,0.7,0.8,.064,-2.6,1.0,-1.6,0.1,,mcrobjo01
338,Metta World Peace,36,LAL,SF,35,5,590,8.3,.435,.475,.322,3.4,13.2,8.1,7.2,1.9,1.5,6.9,16.2,-0.2,0.3,0.1,.008,-3.2,-0.3,-3.5,-0.2,,artesro01
339,Tiago Splitter,31,ATL,C,36,2,579,13.7,.571,.013,.310,8.7,13.8,11.3,7.9,1.7,1.6,12.0,15.5,0.9,0.9,1.7,.144,-2.2,0.5,-1.7,0.0,,splitti01
340,Ian Clark,24,GSW,SG,66,1,578,11.5,.544,.416,.168,2.6,9.7,6.3,15.3,1.4,1.7,16.5,19.5,0.3,0.6,0.9,.075,-1.5,-0.4,-1.9,0.0,,clarkia01
341,Tyus Jones,19,MIN,PG,37,0,573,11.2,.450,.340,.250,1.4,8.0,4.8,27.7,2.7,0.4,16.0,16.1,0.0,0.3,0.3,.027,-1.9,-0.5,-2.4,-0.1,,jonesty01
342,Carl Landry,32,PHI,PF,36,12,569,22.4,.605,.052,.364,9.1,19.2,14.0,11.1,1.0,1.2,7.1,24.0,1.8,0.3,2.1,.176,2.6,-1.4,1.2,0.5,,landrca01
343,Mike Muscala,24,ATL,C,60,0,565,13.6,.576,.257,.257,7.5,14.9,11.3,9.1,1.1,3.8,13.8,15.5,0.7,0.9,1.6,.136,-2.1,1.2,-0.9,0.2,,muscami01
344,Kevin Garnett,39,MIN,PF,38,38,556,12.3,.491,.009,.183,3.2,27.9,15.7,16.4,2.5,1.5,11.4,11.3,0.4,0.7,1.1,.092,-1.6,3.1,1.5,0.5,,garneke01
345,Donatas Motiejūnas,25,HOU,PF,37,22,547,11.3,.504,.278,.259,7.4,14.6,11.0,12.2,1.5,0.8,16.2,21.4,0.0,0.3,0.3,.027,-2.8,-1.7,-4.5,-0.3,,motiedo01
346,Jusuf Nurkić,21,DEN,C,32,3,547,15.9,.460,.012,.409,12.9,22.7,17.7,12.3,2.2,6.5,16.1,27.2,-0.5,0.9,0.4,.031,-3.6,0.7,-2.9,-0.1,,nurkiju01
347,Kendrick Perkins,31,NOP,C,37,5,542,6.0,.529,.000,.333,4.9,21.8,13.1,7.9,1.0,1.7,32.3,10.4,-0.4,0.4,-0.1,-0.007,-5.2,0.2,-5.0,-0.4,,perkike01
348,Kevin Séraphin,26,NYK,C,48,0,526,10.8,.435,.010,.112,6.5,19.5,13.1,14.8,0.8,5.2,16.7,22.2,-0.8,0.7,-0.2,-0.015,-4.4,0.6,-3.8,-0.2,,serapke01
349,Boban Marjanović,27,SAS,C,54,4,508,27.7,.662,.000,.655,16.9,26.2,21.7,6.6,1.2,3.5,11.5,22.8,2.3,1.2,3.4,.325,3.9,0.4,4.3,0.8,,marjabo01
350,Glenn Robinson III,22,IND,SF,45,4,508,11.4,.508,.245,.258,2.6,12.0,7.3,7.7,1.7,1.4,9.7,16.1,0.2,0.6,0.8,.078,-1.6,0.5,-1.1,0.1,,robingl02
351,Sonny Weems,29,2TM,SF,43,0,499,3.7,.459,.373,.136,1.5,10.3,5.8,14.2,1.0,0.2,26.0,13.5,-0.7,0.1,-0.5,-0.053,-5.6,-1.7,-7.3,-0.7,,weemsso01
351,Sonny Weems,29,PHO,SG,36,0,421,4.3,.475,.360,.146,1.5,9.2,5.3,16.2,1.2,0.2,28.1,13.3,-0.5,0.1,-0.4,-0.043,-5.2,-1.5,-6.7,-0.5,,weemsso01
351,Sonny Weems,29,PHI,SF,7,0,78,0.8,.388,.429,.095,1.3,15.9,8.4,3.9,0.0,0.0,15.5,14.5,-0.2,0.0,-0.2,-0.104,-7.5,-2.7,-10.2,-0.2,,weemsso01
352,Tarik Black,24,LAL,C,39,0,496,12.3,.537,.000,.433,9.2,25.4,17.0,5.2,1.4,2.9,15.1,12.9,0.3,0.4,0.7,.072,-3.1,-0.2,-3.3,-0.2,,blackta01
353,Anderson Varejão,33,2TM,C,53,0,496,11.1,.473,.008,.403,8.5,22.8,15.8,9.8,1.6,1.6,13.1,15.0,0.3,0.8,1.0,.101,-3.5,0.6,-2.9,-0.1,,varejan01
353,Anderson Varejão,33,CLE,C,31,0,310,11.2,.469,.013,.276,8.8,24.3,16.6,9.3,1.8,1.3,15.8,14.8,0.1,0.5,0.6,.089,-3.4,1.0,-2.4,0.0,,varejan01
353,Anderson Varejão,33,GSW,C,22,0,186,11.0,.477,.000,.604,8.0,20.2,14.5,10.5,1.3,2.0,9.0,15.5,0.2,0.3,0.5,.120,-3.7,0.1,-3.6,-0.1,,varejan01
354,Adreian Payne,24,MIN,PF,52,2,486,5.6,.422,.221,.179,4.8,21.5,13.3,8.9,1.7,1.8,18.7,17.7,-0.9,0.4,-0.5,-0.047,-6.1,-0.2,-6.2,-0.5,,paynead01
355,John Jenkins,24,2TM,SG,43,3,480,10.0,.522,.319,.150,1.8,11.3,6.5,11.7,0.8,0.2,13.7,18.1,0.0,0.2,0.2,.022,-1.9,-1.0,-2.9,-0.1,,jenkijo01
355,John Jenkins,24,DAL,SG,21,1,193,7.2,.466,.271,.129,2.3,10.2,6.3,7.6,0.8,0.0,12.9,20.1,-0.2,0.1,-0.1,-0.033,-4.3,-1.3,-5.7,-0.2,,jenkijo01
355,John Jenkins,24,PHO,SG,22,2,287,11.9,.564,.356,.167,1.5,12.0,6.6,14.4,0.8,0.3,14.2,16.7,0.3,0.1,0.4,.059,-0.3,-0.7,-1.1,0.1,,jenkijo01
356,Troy Daniels,24,CHO,SG,43,0,476,14.9,.634,.652,.048,1.6,11.6,6.5,7.6,1.2,0.5,11.2,20.4,0.6,0.4,1.1,.109,1.8,-1.0,0.7,0.3,,danietr01
357,Ray McCallum,24,2TM,PG,41,6,475,9.1,.449,.288,.103,1.9,9.3,5.6,18.5,1.3,1.2,13.6,16.8,-0.2,0.5,0.3,.034,-2.6,-0.5,-3.1,-0.1,,mccalra01
357,Ray McCallum,24,SAS,PG,31,3,256,10.3,.476,.239,.149,2.8,10.8,6.9,17.7,1.0,1.2,13.3,14.7,0.1,0.4,0.5,.092,-2.3,0.5,-1.7,0.0,,mccalra01
357,Ray McCallum,24,MEM,PG,10,3,219,7.7,.425,.329,.063,1.0,7.6,4.2,19.5,1.6,1.3,13.8,19.3,-0.3,0.1,-0.2,-0.033,-3.0,-1.6,-4.7,-0.1,,mccalra01
358,Jason Thompson,29,2TM,C,47,7,471,14.2,.558,.139,.500,7.9,23.4,15.9,8.5,1.3,3.3,10.2,13.9,0.9,0.7,1.6,.165,-2.1,1.2,-0.8,0.1,,thompja02
358,Jason Thompson,29,GSW,C,28,1,179,13.3,.535,.000,.762,6.4,25.0,16.2,13.9,1.1,3.3,11.1,15.2,0.3,0.3,0.6,.169,-3.4,2.2,-1.3,0.0,,thompja02
358,Jason Thompson,29,TOR,C,19,6,292,14.7,.575,.227,.333,8.8,22.4,15.7,5.3,1.4,3.4,9.6,13.0,0.6,0.4,1.0,.163,-1.2,0.6,-0.6,0.1,,thompja02
359,Ryan Kelly,24,LAL,PF,36,0,470,10.3,.440,.248,.362,4.6,23.7,13.8,6.9,1.4,1.7,9.4,17.9,-0.3,0.3,0.1,.005,-2.9,-0.6,-3.5,-0.2,,kellyry01
360,Brian Roberts,30,2TM,PG,51,0,470,13.8,.552,.255,.285,1.4,8.2,4.8,18.6,1.1,0.3,11.0,19.8,0.7,0.3,1.0,.105,-0.9,-0.7,-1.6,0.0,,roberbr01
360,Brian Roberts,30,CHO,PG,30,0,333,13.9,.552,.235,.322,1.3,8.3,4.8,18.7,1.1,0.2,10.9,19.9,0.5,0.3,0.8,.108,-0.9,-0.5,-1.4,0.0,,roberbr01
360,Brian Roberts,30,POR,PG,21,0,137,13.7,.551,.300,.200,1.6,7.9,4.7,18.5,1.1,0.6,11.4,19.6,0.2,0.1,0.3,.096,-0.8,-1.3,-2.2,0.0,,roberbr01
361,James Jones,35,CLE,SF,48,0,463,11.6,.580,.732,.183,2.0,10.2,6.1,4.5,1.2,1.8,7.8,16.2,0.7,0.5,1.2,.120,-0.2,-0.1,-0.3,0.2,,jonesja02
362,Andre Miller,39,2TM,PG,39,4,461,13.4,.600,.075,.302,3.1,9.5,6.4,28.3,1.8,0.0,23.6,15.4,0.6,0.4,1.0,.100,-1.4,-0.5,-1.9,0.0,,millean02
362,Andre Miller,39,MIN,PG,26,0,280,13.7,.663,.069,.328,2.5,7.4,5.0,31.9,1.6,0.0,27.4,14.6,0.5,0.1,0.5,.088,-0.8,-1.3,-2.2,0.0,,millean02
362,Andre Miller,39,SAS,PG,13,4,181,12.9,.521,.083,.271,3.9,12.8,8.5,22.6,2.0,0.0,18.3,16.6,0.1,0.3,0.4,.118,-2.2,0.9,-1.3,0.0,,millean02
363,Greivis Vásquez,29,MIL,PG,23,0,460,7.4,.435,.529,.188,1.3,10.3,5.8,28.5,1.1,0.0,21.1,18.5,-0.4,0.1,-0.3,-0.033,-3.4,-2.9,-6.2,-0.5,,vasqugr01
364,Ryan Hollins,31,2TM,C,37,12,460,12.3,.636,.000,.532,11.2,13.2,12.1,3.3,0.7,4.2,19.8,11.8,0.6,0.3,1.0,.100,-2.8,-1.0,-3.7,-0.2,,holliry01
364,Ryan Hollins,31,WAS,C,5,3,48,7.2,.571,.000,.000,16.0,9.5,12.8,0.0,0.0,1.7,30.0,9.1,0.0,0.0,0.0,.040,-3.0,-3.2,-6.1,-0.1,,holliry01
364,Ryan Hollins,31,MEM,C,32,9,412,12.9,.641,.000,.583,10.6,13.6,12.0,3.7,0.7,4.5,18.8,12.1,0.6,0.3,0.9,.107,-2.8,-0.7,-3.5,-0.2,,holliry01
365,J.J. Hickson,27,2TM,C,35,9,436,16.8,.514,.006,.665,9.8,24.1,16.8,8.7,1.7,2.6,11.1,22.6,0.3,0.5,0.8,.088,-1.1,0.0,-1.1,0.1,,hicksjj01
365,J.J. Hickson,27,DEN,C,20,9,305,15.8,.508,.000,.541,7.9,24.0,15.8,8.7,1.6,3.2,10.6,21.6,0.1,0.4,0.5,.077,-1.6,0.4,-1.1,0.1,,hicksjj01
365,J.J. Hickson,27,WAS,C,15,0,131,18.9,.528,.022,.957,14.2,24.4,19.2,8.5,1.9,1.2,12.1,24.8,0.1,0.2,0.3,.114,0.0,-1.1,-1.0,0.0,,hicksjj01
366,Rasual Butler,36,SAS,SF,46,0,432,13.4,.558,.471,.154,0.8,13.5,7.4,7.7,1.5,4.1,6.7,12.6,0.4,0.9,1.3,.146,0.4,2.5,2.9,0.5,,butlera01
367,Reggie Bullock,24,DET,SF,37,0,429,12.0,.583,.541,.153,3.4,14.3,8.6,9.2,1.2,0.4,7.1,11.4,0.8,0.4,1.2,.134,0.1,0.7,0.8,0.3,,bullore01
368,Willie Reed,25,BRK,C,39,2,426,19.2,.579,.000,.414,12.7,19.6,16.1,3.8,0.7,5.7,9.2,18.1,0.9,0.3,1.2,.134,0.4,-0.9,-0.5,0.2,,reedwi02
369,Jared Cunningham,24,2TM,SG,44,3,410,5.9,.464,.371,.524,0.8,9.6,5.3,6.9,1.8,0.4,14.0,16.5,-0.3,0.4,0.1,.014,-5.5,-0.2,-5.7,-0.4,,cunnija01
369,Jared Cunningham,24,CLE,SG,40,3,355,5.9,.464,.352,.527,1.0,8.2,4.6,7.6,1.7,0.5,13.8,16.6,-0.2,0.4,0.1,.018,-5.5,0.0,-5.6,-0.3,,cunnija01
369,Jared Cunningham,24,MIL,SG,4,0,55,5.8,.468,.500,.500,0.0,18.5,9.3,2.5,1.9,0.0,14.9,16.4,-0.1,0.0,0.0,-0.012,-5.3,-1.5,-6.8,-0.1,,cunnija01
370,Chris Andersen,37,2TM,C,27,15,402,15.3,.598,.194,.500,9.9,18.2,13.9,4.4,1.9,2.9,9.3,10.8,0.8,0.4,1.3,.149,0.7,0.0,0.7,0.3,,anderch01
370,Chris Andersen,37,MIA,C,7,1,36,17.6,.553,.500,.400,9.8,18.3,14.2,12.2,1.4,6.4,14.5,17.5,0.1,0.1,0.1,.165,1.2,3.3,4.5,0.1,,anderch01
370,Chris Andersen,37,MEM,C,20,14,366,15.1,.605,.145,.516,9.9,18.2,13.9,3.7,2.0,2.5,8.4,10.2,0.7,0.4,1.1,.148,0.6,-0.3,0.4,0.2,,anderch01
371,Kendall Marshall,24,PHI,PG,30,6,400,6.7,.449,.415,.110,0.5,7.3,3.8,28.4,2.0,0.4,25.8,18.3,-0.7,0.1,-0.5,-0.064,-4.7,-2.6,-7.3,-0.5,,marshke01
372,Sergey Karasev,22,BRK,SF,40,5,399,8.5,.562,.500,.378,2.2,14.3,8.2,12.2,0.8,0.4,20.3,12.1,0.2,0.1,0.3,.031,-2.3,-1.4,-3.8,-0.2,,karasse01
373,Salah Mejri,29,DAL,C,34,6,397,16.8,.636,.013,.590,11.4,22.6,17.0,3.9,1.0,7.6,19.0,14.0,0.6,0.7,1.3,.156,-1.6,1.8,0.2,0.2,,mejrisa01
374,Lamar Patterson,24,ATL,SG,35,0,395,5.1,.468,.613,.275,1.1,12.4,6.9,13.6,1.1,0.4,20.4,12.8,-0.3,0.5,0.2,.025,-5.4,0.3,-5.1,-0.3,,pattela01
375,Joe Young,23,IND,PG,41,0,384,9.9,.428,.272,.148,1.7,12.5,7.1,26.9,1.9,0.0,15.5,24.4,-0.5,0.5,-0.1,-0.009,-3.9,-0.8,-4.7,-0.3,,youngjo01
376,Darrun Hilliard,22,DET,SG,38,2,383,10.7,.511,.382,.305,1.4,11.9,6.4,10.9,1.2,0.2,11.3,19.1,0.2,0.3,0.5,.066,-1.9,-0.5,-2.5,0.0,,hillida01
377,Jarell Martin,21,MEM,PF,27,0,380,14.0,.534,.017,.534,11.2,14.7,12.9,6.4,1.1,1.7,11.7,19.2,0.5,0.2,0.8,.100,-2.0,-1.8,-3.7,-0.2,,martija01
378,Montrezl Harrell,22,HOU,PF,39,1,379,14.6,.635,.011,.511,7.2,11.7,9.5,7.2,1.4,2.4,13.4,14.5,0.7,0.2,0.9,.118,-0.5,-0.1,-0.6,0.1,,harremo01
379,Mike Miller,35,DEN,SF,47,2,373,6.5,.508,.839,.000,1.8,14.2,7.9,14.9,1.7,0.9,21.5,9.3,0.1,0.3,0.3,.040,-3.8,1.2,-2.6,0.0,,millemi01
380,JaVale McGee,28,DAL,C,34,2,370,19.9,.574,.007,.269,15.8,23.7,19.7,1.5,0.7,5.9,12.3,21.1,0.6,0.5,1.1,.146,-0.2,-0.2,-0.3,0.1,,mcgeeja01
381,Michael Beasley,27,HOU,PF,20,0,363,22.5,.563,.044,.239,8.8,21.1,14.9,9.1,1.5,2.1,9.6,29.7,0.6,0.3,1.0,.128,2.2,-1.2,0.9,0.3,,beaslmi01
382,Chris McCullough,20,BRK,PF,24,4,362,12.2,.470,.312,.211,7.6,13.6,10.5,3.7,3.9,2.7,11.2,16.5,-0.1,0.4,0.3,.043,-2.7,0.4,-2.4,0.0,,mcculch01
383,Tyler Hansbrough,30,CHO,PF,44,0,343,12.5,.522,.042,.915,12.6,15.8,14.2,3.5,1.8,1.7,10.8,14.7,0.5,0.5,1.0,.134,-3.5,-0.3,-3.8,-0.1,,hansbty01
384,James Ennis III,25,3TM,SF,22,5,329,17.8,.621,.513,.301,6.9,7.4,7.1,10.1,2.4,1.3,12.9,19.8,0.7,0.2,0.9,.133,2.5,-1.0,1.5,0.3,,ennisja01
384,James Ennis III,25,MIA,SF,3,0,7,2.4,,,,0.0,0.0,0.0,18.0,0.0,0.0,,0.0,0.0,0.0,0.0,.070,-4.0,2.2,-1.8,0.0,,ennisja01
384,James Ennis III,25,MEM,SF,10,0,40,18.3,.460,.615,.769,10.9,8.9,10.0,7.6,5.1,4.6,10.3,21.8,0.0,0.1,0.1,.100,2.4,2.0,4.4,0.1,,ennisja01
384,James Ennis III,25,NOP,SF,9,5,282,18.1,.647,.500,.240,6.5,7.3,6.9,10.3,2.1,0.9,13.3,20.0,0.7,0.1,0.8,.139,2.7,-1.5,1.2,0.2,,ennisja01
385,Cristiano Felício,23,CHI,C,31,4,321,17.6,.601,.056,.486,10.0,23.1,16.7,12.1,0.9,3.0,12.9,13.7,0.7,0.4,1.2,.175,0.1,0.2,0.3,0.2,,feliccr01
386,Robert Sacre,26,LAL,C,25,1,320,10.4,.474,.000,.507,10.4,13.9,12.1,6.9,0.6,2.5,11.6,14.3,0.2,0.1,0.3,.040,-3.3,-1.3,-4.6,-0.2,,sacrero01
387,R.J. Hunter,22,BOS,SG,36,0,315,7.7,.480,.643,.071,0.7,12.0,6.2,5.9,2.2,1.0,9.8,15.1,-0.1,0.4,0.3,.045,-3.1,1.0,-2.1,0.0,,hunterj01
388,Terry Rozier,21,BOS,PG,39,0,311,5.0,.326,.255,.094,8.1,13.5,10.8,16.5,0.9,0.3,14.7,17.7,-0.6,0.3,-0.3,-0.047,-4.7,-1.4,-6.1,-0.3,,roziete01
389,Drew Gooden,34,WAS,PF,30,0,305,7.5,.376,.398,.136,10.1,21.3,15.6,6.0,1.3,2.9,10.6,17.5,-0.4,0.4,0.0,-0.005,-5.0,-1.3,-6.3,-0.3,,goodedr01
390,Axel Toupane,23,DEN,SF,21,0,305,7.1,.490,.571,.243,2.9,8.5,5.6,7.0,1.2,1.6,7.2,12.0,0.2,0.1,0.3,.049,-3.6,-1.0,-4.7,-0.2,,toupaax01
391,Jordan Hamilton,25,NOP,SF,11,4,304,12.4,.499,.388,.181,4.2,18.9,11.3,12.9,1.3,0.8,12.0,20.7,0.0,0.2,0.2,.030,-1.6,-1.7,-3.3,-0.1,,hamiljo02
392,Kostas Papanikolaou,25,DEN,SF,26,6,294,6.0,.464,.485,.212,3.0,12.3,7.5,7.8,2.2,1.4,22.5,13.9,-0.4,0.2,-0.1,-0.022,-4.7,0.2,-4.5,-0.2,,papanko01
393,Jordan Farmar,29,MEM,PG,12,10,291,13.2,.527,.450,.100,1.5,8.6,4.9,20.6,2.7,0.6,14.7,18.9,0.2,0.2,0.4,.064,-0.5,-0.2,-0.7,0.1,,farmajo01
394,Phil Pressey,24,2TM,PG,23,0,283,10.6,.433,.231,.321,1.1,11.1,6.0,40.7,3.1,1.1,27.0,18.7,-0.4,0.3,-0.1,-0.017,-3.3,0.1,-3.2,-0.1,,pressph01
394,Phil Pressey,24,PHI,PG,14,0,170,11.8,.437,.236,.327,0.0,15.2,7.4,43.2,3.2,0.4,23.2,21.1,-0.2,0.2,0.0,-0.014,-3.0,0.3,-2.6,0.0,,pressph01
394,Phil Pressey,24,PHO,PG,9,0,113,8.6,.422,.217,.304,2.8,4.9,3.8,37.0,3.0,2.2,34.9,15.1,-0.2,0.1,-0.1,-0.022,-3.7,-0.2,-3.9,-0.1,,pressph01
395,Bryce Dejean-Jones,23,NOP,SG,14,11,279,9.6,.505,.464,.304,3.1,16.5,9.5,7.7,1.8,0.6,12.3,14.1,0.0,0.2,0.2,.033,-2.5,0.0,-2.5,0.0,,dejeabr01
396,Damjan Rudež,29,MIN,SF,33,0,277,5.5,.572,.806,.129,2.1,6.2,4.2,5.8,0.5,0.3,16.6,12.7,0.1,0.0,0.1,.009,-2.7,-2.1,-4.8,-0.2,,rudezda01
397,Henry Sims,25,BRK,C,14,4,263,13.9,.504,.000,.390,8.8,22.2,15.4,5.1,1.7,4.3,11.7,17.3,0.2,0.3,0.4,.079,-3.5,-0.8,-4.3,-0.2,,simshe01
398,James Michael McAdoo,23,GSW,PF,41,1,262,15.9,.554,.024,.583,13.1,10.9,11.9,9.2,1.8,2.2,13.2,20.1,0.5,0.3,0.8,.146,-1.5,-0.3,-1.8,0.0,,mcadoja01
399,Udonis Haslem,35,MIA,PF,37,0,260,9.1,.434,.148,.262,4.5,27.4,16.3,7.6,1.0,0.6,6.8,12.8,0.0,0.4,0.4,.072,-3.2,0.6,-2.6,0.0,,hasleud01
400,Jeremy Evans,28,DAL,SF,30,2,251,12.6,.620,.333,.438,4.8,18.8,11.8,1.2,1.2,3.0,10.9,11.7,0.3,0.3,0.6,.119,-1.5,1.0,-0.4,0.1,,evansje01
401,Devyn Marble,23,ORL,SG,28,0,249,5.2,.368,.451,.338,2.6,14.4,8.5,6.6,2.6,0.3,7.9,15.7,-0.4,0.3,-0.1,-0.026,-6.0,-0.1,-6.2,-0.3,,marblde01
402,Xavier Munford,23,MEM,SG,14,0,244,9.9,.481,.299,.182,1.3,13.7,7.2,14.3,2.7,1.1,15.3,18.0,-0.2,0.2,0.1,.017,-3.1,0.6,-2.5,0.0,,munfoxa02
403,K.J. McDaniels,22,HOU,SF,37,1,235,10.6,.522,.347,.417,7.5,12.3,9.9,6.5,1.5,2.1,16.6,18.7,0.1,0.1,0.2,.043,-2.8,-1.1,-3.9,-0.1,,mcdankj01
404,Delon Wright,23,TOR,PG,27,1,229,17.8,.540,.163,.438,4.1,14.3,9.3,22.5,1.8,1.1,14.4,22.1,0.3,0.2,0.6,.124,1.1,-0.3,0.9,0.2,,wrighde01
405,Lucas Nogueira,23,TOR,C,29,1,225,15.6,.642,.068,.341,9.3,14.0,11.7,4.9,2.8,4.4,17.9,12.4,0.3,0.4,0.7,.154,-1.7,1.7,0.0,0.1,,noguelu01
406,Elton Brand,36,PHI,C,17,1,225,11.4,.461,.014,.125,4.2,27.0,15.2,13.1,2.0,2.7,12.6,16.9,-0.1,0.3,0.2,.036,-4.7,1.3,-3.4,-0.1,,brandel01
407,DeJuan Blair,26,WAS,C,29,0,218,5.4,.414,.015,.191,10.1,19.4,14.6,7.3,1.8,0.7,16.9,17.8,-0.3,0.3,-0.1,-0.015,-8.1,-0.7,-8.9,-0.4,,blairde01
408,Brandan Wright,28,MEM,PF,12,2,212,18.3,.663,.000,.462,7.2,16.3,11.6,4.7,1.2,6.6,13.8,15.4,0.4,0.2,0.7,.147,0.0,0.7,0.7,0.1,,wrighbr03
409,Matt Bonner,35,SAS,C,30,2,206,14.1,.647,.596,.070,1.7,12.8,7.5,6.3,1.5,0.4,4.9,13.7,0.4,0.3,0.8,.181,1.2,1.0,2.2,0.2,,bonnema01
410,Michael Kidd-Gilchrist,22,CHO,SF,7,7,205,16.9,.603,.115,.475,6.3,17.8,12.0,7.3,0.7,1.2,9.8,18.0,0.4,0.2,0.6,.152,0.2,-0.2,0.0,0.1,,kiddgmi01
411,Lou Amundson,33,NYK,PF,29,0,204,6.7,.401,.000,.509,12.5,13.7,13.1,8.8,1.5,2.6,18.8,17.7,-0.3,0.2,-0.1,-0.014,-6.7,-0.2,-6.9,-0.3,,amundlo01
412,James Young,20,BOS,SG,29,0,199,3.6,.384,.722,.111,2.1,11.9,6.9,6.0,1.5,0.4,11.7,9.1,-0.2,0.2,0.1,.013,-5.3,0.8,-4.5,-0.1,,youngja01
413,Jordan McRae,24,2TM,PG,22,1,195,14.2,.548,.282,.359,2.3,9.2,5.7,20.9,0.7,0.4,14.2,23.9,0.2,0.1,0.4,.087,0.0,-1.9,-1.8,0.0,,mcraejo01
413,Jordan McRae,24,PHO,PG,7,0,82,14.2,.567,.423,.577,2.6,8.1,5.3,19.1,1.8,0.0,15.5,20.0,0.1,0.0,0.2,.096,-0.9,-0.2,-1.1,0.0,,mcraejo01
413,Jordan McRae,24,CLE,PG,15,1,113,14.2,.537,.212,.250,2.0,9.9,6.0,22.3,0.0,0.7,13.5,26.7,0.1,0.1,0.2,.081,0.7,-3.0,-2.4,0.0,,mcraejo01
414,Greg Smith,25,MIN,PF,18,0,192,7.9,.545,.000,.531,7.4,17.9,12.7,4.6,1.1,0.4,15.1,10.8,0.1,0.1,0.2,.045,-4.1,-1.4,-5.5,-0.2,,smithgr02
415,Alan Anderson,33,WAS,SG,13,0,192,9.2,.495,.627,.254,0.6,15.5,7.9,10.3,1.0,0.4,3.0,15.4,0.2,0.2,0.3,.078,-2.4,0.1,-2.3,0.0,,anderal01
416,Caron Butler,35,SAC,SF,17,1,176,11.3,.490,.305,.203,3.1,10.4,6.8,8.3,2.5,0.5,4.5,16.2,0.1,0.1,0.3,.071,-2.5,0.6,-1.8,0.0,,butleca01
417,Elijah Millsap,28,UTA,SG,20,0,173,6.5,.384,.308,.462,4.1,19.5,11.8,16.2,2.1,1.5,16.1,14.9,-0.2,0.3,0.1,.033,-5.9,2.1,-3.8,-0.1,,millsel01
418,Briante Weber,23,2TM,PG,7,4,169,8.9,.380,.128,.103,5.2,11.9,8.4,18.6,2.7,1.6,18.1,13.2,-0.2,0.2,0.0,.004,-4.7,1.0,-3.7,-0.1,,weberbr01
418,Briante Weber,23,MEM,PG,6,4,166,8.3,.365,.132,.105,5.3,11.5,8.2,17.6,2.8,1.7,18.5,13.2,-0.2,0.2,0.0,-0.008,-4.9,0.9,-4.0,-0.1,,weberbr01
418,Briante Weber,23,MIA,PG,1,0,3,39.3,1.000,.000,.000,0.0,36.6,18.9,72.3,0.0,0.0,0.0,15.2,0.0,0.0,0.0,.634,5.0,7.9,12.9,0.0,,weberbr01
419,C.J. Wilcox,25,LAC,SG,23,0,167,12.9,.491,.348,.182,0.7,7.1,3.9,9.4,3.0,0.9,2.7,19.8,0.1,0.2,0.3,.089,-2.6,1.1,-1.5,0.0,,wilcocj01
420,Spencer Dinwiddie,22,DET,PG,12,0,159,8.9,.423,.185,.611,2.6,9.3,5.8,20.9,1.0,0.0,9.3,20.7,0.0,0.1,0.1,.028,-4.6,-0.6,-5.2,-0.1,,dinwisp01
421,Chris Copeland,31,MIL,PF,24,1,156,5.4,.462,.706,.137,0.7,6.5,3.7,10.3,0.7,0.0,10.0,17.3,-0.1,0.0,-0.1,-0.017,-3.3,-3.1,-6.4,-0.2,,copelch01
422,Damien Inglis,20,MIL,SF,20,1,156,6.7,.444,.351,.216,1.5,21.1,11.4,9.0,2.0,1.6,21.4,14.9,-0.2,0.2,-0.1,-0.024,-4.9,-0.6,-5.6,-0.1,,inglida01
423,Nikola Peković,30,MIN,C,12,3,156,6.5,.459,.000,.400,5.3,10.3,7.8,10.7,0.3,0.0,13.3,19.5,-0.1,0.0,-0.1,-0.022,-5.1,-2.8,-7.9,-0.2,,pekovni01
424,Cleanthony Early,24,NYK,SF,17,2,154,2.2,.371,.375,.100,2.9,15.4,9.2,5.7,0.7,1.5,17.7,14.9,-0.3,0.1,-0.2,-0.075,-7.2,-1.5,-8.6,-0.3,,earlycl01
425,Jarell Eddie,24,WAS,SF,26,0,147,11.0,.460,.723,.123,1.5,16.3,8.8,5.0,1.7,0.6,1.4,20.7,0.0,0.1,0.1,.046,-0.3,-1.1,-1.5,0.0,,eddieja01
426,Christian Wood,20,PHI,PF,17,0,145,16.4,.490,.208,.396,9.4,19.4,14.3,3.5,1.7,3.7,3.1,19.4,0.2,0.1,0.3,.097,0.4,-0.6,-0.2,0.1,,woodch01
427,Tony Wroten,22,PHI,PG,8,3,144,1.8,.412,.262,.569,1.5,14.9,7.9,23.3,1.0,0.0,26.3,33.5,-0.8,0.0,-0.8,-0.263,-8.4,-5.0,-13.4,-0.4,,wroteto01
428,Pat Connaughton,23,POR,SG,34,0,143,4.6,.352,.429,.102,8.3,15.9,12.1,9.9,0.7,0.0,16.3,18.7,-0.3,0.1,-0.2,-0.076,-4.8,-3.2,-8.0,-0.2,,connapa01
429,Chris Kaman,33,POR,C,16,2,112,11.1,.496,.093,.070,6.8,16.5,11.6,15.8,0.4,0.7,15.3,20.4,0.0,0.1,0.1,.037,-2.6,-1.0,-3.6,0.0,,kamanch01
430,Jeff Ayres,28,LAC,C,17,0,107,8.3,.585,.043,.261,4.1,18.1,11.2,6.9,0.0,2.2,19.0,13.4,0.1,0.1,0.2,.077,-5.6,-0.5,-6.1,-0.1,,pendeje02
431,Cameron Bairstow,25,CHI,C,18,2,103,6.8,.391,.125,.200,4.2,24.0,14.3,8.7,1.0,2.1,8.4,20.3,-0.1,0.1,0.0,-0.004,-6.7,-0.9,-7.5,-0.1,,bairsca01
432,Orlando Johnson,26,2TM,SG,7,1,101,3.6,.346,.294,.235,4.2,12.3,8.1,2.7,1.5,2.4,9.6,17.8,-0.2,0.1,-0.2,-0.087,-6.5,-1.8,-8.3,-0.2,,johnsor01
432,Orlando Johnson,26,PHO,SG,2,0,47,10.1,.407,.294,.353,6.8,14.2,10.4,0.0,2.1,5.2,4.8,18.7,0.0,0.1,0.0,.026,-3.2,0.8,-2.4,0.0,,johnsor01
432,Orlando Johnson,26,NOP,SG,5,1,54,-2.1,.280,.294,.118,2.0,10.6,6.2,5.1,0.9,0.0,14.4,17.1,-0.2,0.0,-0.2,-0.185,-9.3,-4.1,-13.4,-0.2,,johnsor01
433,Joel Anthony,33,DET,C,19,0,96,14.1,.666,.000,.800,8.8,15.4,11.9,1.4,1.1,9.5,12.9,7.0,0.2,0.2,0.4,.177,-2.9,3.3,0.4,0.1,,anthojo01
434,Sasha Kaun,30,CLE,C,25,0,95,12.5,.527,.000,.647,14.4,16.5,15.5,4.5,2.2,4.3,24.3,13.7,0.0,0.2,0.2,.096,-3.3,0.5,-2.8,0.0,,kaunsa01
435,Aaron Harrison,21,CHO,SG,21,0,93,4.3,.371,.526,.632,4.7,13.1,8.8,3.0,3.2,0.0,14.1,13.7,-0.2,0.1,0.0,-0.014,-7.2,0.9,-6.3,-0.1,,harriaa01
436,Anthony Bennett,22,TOR,PF,19,0,84,10.4,.446,.519,.370,8.3,22.8,15.7,0.0,3.1,0.0,11.3,19.2,0.0,0.1,0.1,.054,-2.9,-1.1,-3.9,0.0,,bennean01
437,Tibor Pleiß,26,UTA,C,12,0,82,3.5,.464,.080,.080,8.6,12.8,10.7,4.0,0.6,2.1,23.6,19.1,-0.2,0.1,-0.1,-0.041,-10.0,-1.6,-11.6,-0.2,,pleisti01
438,Edy Tavares,23,ATL,C,11,0,73,14.4,.555,.000,.421,10.7,20.5,15.7,6.3,0.7,6.5,18.2,16.9,0.0,0.1,0.2,.106,-2.9,1.1,-1.8,0.0,,tavarwa01
439,Alex Stepheson,28,2TM,PF,8,0,73,14.8,.341,.000,.444,28.5,14.5,21.8,4.3,0.7,6.0,0.0,19.8,0.0,0.1,0.1,.068,-0.5,-2.0,-2.4,0.0,,stephal01
439,Alex Stepheson,28,LAC,PF,4,0,12,8.9,.532,.000,2.000,9.2,8.9,9.1,0.0,0.0,13.1,0.0,7.1,0.0,0.0,0.0,.113,-6.2,3.6,-2.6,0.0,,stephal01
439,Alex Stepheson,28,MEM,PF,4,0,61,16.0,.329,.000,.385,32.3,15.6,24.3,5.2,0.8,4.6,0.0,22.4,0.0,0.1,0.1,.059,0.7,-3.1,-2.4,0.0,,stephal01
440,Mitch McGary,23,OKC,PF,20,0,72,7.4,.474,.174,.435,6.4,20.1,13.6,6.0,0.7,2.1,20.3,20.4,-0.1,0.1,0.0,-0.018,-6.0,-1.3,-7.3,-0.1,,mcgarmi01
441,Alan Williams,23,PHO,PF,10,0,68,21.1,.481,.000,.583,21.9,39.2,30.3,11.7,2.9,6.0,16.6,22.6,0.1,0.2,0.2,.146,-2.0,1.8,-0.2,0.0,,willial03
442,Russ Smith,24,MEM,PG,15,0,66,10.5,.415,.227,.591,1.7,14.4,7.8,25.4,3.9,1.4,20.2,23.6,-0.1,0.1,-0.1,-0.041,-2.9,1.4,-1.4,0.0,,smithru01
443,Jorge Gutiérrez,27,CHO,PG,12,0,63,19.2,.694,.182,1.000,0.0,12.3,6.1,40.3,2.4,0.0,27.5,15.6,0.2,0.1,0.3,.201,-0.3,0.8,0.6,0.0,,gutiejo01
444,Lorenzo Brown,25,PHO,PG,8,0,61,4.4,.374,.320,.160,0.0,12.8,6.2,28.0,2.4,1.3,25.2,24.9,-0.3,0.1,-0.2,-0.157,-6.5,-1.9,-8.4,-0.1,,brownlo01
445,Jordan Mickey,21,BOS,PF,16,0,57,15.3,.398,.000,.455,11.0,13.3,12.1,2.6,0.0,15.1,3.6,20.5,0.0,0.1,0.1,.068,-2.6,1.1,-1.5,0.0,,mickejo01
446,Josh Huestis,24,OKC,PF,5,0,55,6.7,.509,.500,.333,4.2,15.0,9.9,0.0,0.9,2.8,17.9,13.0,0.0,0.1,0.0,.010,-2.2,-0.6,-2.8,0.0,,huestjo01
447,Andrew Goudelock,27,HOU,PG,8,0,50,12.3,.506,.450,.200,2.2,2.2,2.2,13.3,5.9,3.3,24.3,24.8,-0.1,0.1,0.0,-0.033,-5.4,1.8,-3.6,0.0,,goudean01
448,Cory Jefferson,25,PHO,PF,8,0,50,12.7,.446,.045,.273,12.7,22.2,17.4,0.0,0.0,1.6,0.0,21.0,0.0,0.0,0.1,.070,-2.7,-3.7,-6.4,-0.1,,jeffeco01
449,Eric Moreland,24,SAC,PF,8,0,48,7.4,.515,.000,.667,6.8,17.9,12.4,2.7,0.0,6.7,27.9,9.5,0.0,0.0,0.0,.012,-4.4,-0.1,-4.5,0.0,,moreler01
450,Elliot Williams,26,MEM,PG,5,0,45,3.3,.340,.400,.400,2.4,7.9,5.1,12.4,0.0,0.0,7.8,12.7,0.0,0.0,0.0,-0.046,-5.3,-2.6,-7.9,-0.1,,williel01
451,Steve Novak,32,2TM,PF,10,0,44,14.4,.651,.833,.056,0.0,12.0,6.2,0.0,0.0,0.0,5.1,19.2,0.1,0.0,0.1,.121,3.5,-2.4,1.2,0.0,,novakst01
451,Steve Novak,32,OKC,PF,7,0,24,20.8,.708,.750,.000,0.0,17.2,9.1,0.0,0.0,0.0,7.7,23.1,0.1,0.0,0.1,.181,6.6,-1.4,5.2,0.0,,novakst01
451,Steve Novak,32,MIL,PF,3,0,20,6.7,.543,1.000,.167,0.0,5.7,2.9,0.0,0.0,0.0,0.0,14.5,0.0,0.0,0.0,.050,-0.2,-3.5,-3.6,0.0,,novakst01
452,Bruno Caboclo,20,TOR,SF,6,1,43,-7.7,.125,.583,.000,2.7,2.6,2.7,3.2,2.4,1.9,25.0,16.9,-0.3,0.0,-0.3,-0.283,-14.0,-3.6,-17.6,-0.2,,cabocbr01
453,Jodie Meeks,28,DET,SG,3,0,43,13.5,.506,.450,.200,2.4,10.6,6.3,11.3,0.0,0.0,4.4,23.1,0.1,0.0,0.1,.107,-0.2,-2.8,-2.9,0.0,,meeksjo01
454,Luis Montero,22,POR,SG,12,0,42,-2.7,.337,.474,.211,0.0,10.3,5.2,3.5,0.0,0.0,16.2,25.7,-0.2,0.0,-0.2,-0.238,-9.8,-5.6,-15.5,-0.1,,montelu01
455,Dahntay Jones,35,CLE,SF,1,0,42,10.3,.464,.143,.000,2.7,10.7,6.7,7.3,1.2,3.9,0.0,15.1,0.0,0.1,0.1,.096,-2.7,-0.3,-3.0,0.0,,jonesda02
456,Erick Green,24,2TM,PG,9,0,42,12.4,.468,.385,.154,8.4,8.2,8.3,11.0,1.3,0.0,0.0,15.2,0.1,0.0,0.1,.121,-1.6,-0.4,-1.9,0.0,,greener01
456,Erick Green,24,DEN,PG,3,0,7,0.9,.000,1.000,.000,0.0,16.1,7.9,18.3,0.0,0.0,0.0,6.2,0.0,0.0,0.0,-0.082,-7.4,-1.1,-8.5,0.0,,greener01
456,Erick Green,24,UTA,PG,6,0,35,14.7,.505,.333,.167,10.1,6.7,8.3,9.6,1.5,0.0,0.0,17.0,0.1,0.0,0.1,.162,-0.4,-0.2,-0.6,0.0,,greener01
457,Shayne Whittington,24,IND,PF,7,0,41,7.4,.463,.182,.182,13.4,18.6,16.0,10.9,1.2,2.0,29.6,18.1,-0.1,0.1,0.0,-0.009,-7.5,0.0,-7.5,-0.1,,whittsh01
458,Bryce Cotton,23,2TM,PG,8,0,39,1.7,.400,.300,.000,0.0,0.0,0.0,10.8,3.7,0.0,33.3,16.5,-0.2,0.0,-0.1,-0.168,-7.7,-1.0,-8.8,-0.1,,cottobr01
458,Bryce Cotton,23,PHO,PG,3,0,33,-3.3,.250,.375,.000,0.0,0.0,0.0,12.7,4.4,0.0,38.5,16.8,-0.2,0.0,-0.2,-0.238,-10.2,-1.2,-11.4,-0.1,,cottobr01
458,Bryce Cotton,23,MEM,PG,5,0,6,29.1,1.000,.000,.000,0.0,0.0,0.0,0.0,0.0,0.0,0.0,15.0,0.0,0.0,0.0,.221,5.7,0.2,5.8,0.0,,cottobr01
459,Cliff Alexander,20,POR,PF,8,0,36,11.6,.500,.000,.000,6.0,12.1,9.0,0.0,1.4,4.4,9.1,13.3,0.0,0.0,0.0,.052,-0.5,0.5,0.0,0.0,,alexacl01
460,Justin Harper,26,DET,PF,5,0,35,6.9,.597,.900,.200,0.0,3.2,1.6,0.0,1.4,0.0,15.5,16.0,0.0,0.0,0.0,.039,-2.3,-1.9,-4.2,0.0,,harpeju01
461,Branden Dawson,22,LAC,PF,6,0,29,7.1,.460,.000,.200,7.6,7.4,7.5,0.0,0.0,2.7,0.0,8.5,0.0,0.0,0.0,.069,-3.6,-2.0,-5.7,0.0,,dawsobr01
462,Keith Appling,23,ORL,PG,5,0,27,-4.8,.338,.375,.250,0.0,4.2,2.1,5.0,1.9,0.0,25.3,19.5,-0.1,0.0,-0.1,-0.199,-13.2,-2.0,-15.1,-0.1,,applike01
463,Chuck Hayes,32,HOU,C,2,0,24,1.6,.694,.000,1.000,0.0,37.0,18.4,11.3,0.0,0.0,51.0,10.5,0.0,0.0,0.0,-0.016,-8.6,0.4,-8.1,0.0,,hayesch01
464,Duje Dukan,24,SAC,SF,1,0,24,4.2,.300,.500,.000,9.1,9.0,9.0,5.6,2.0,0.0,0.0,17.7,0.0,0.0,0.0,-0.057,-4.3,-2.6,-7.0,0.0,,dukandu01
465,Nate Robinson,31,NOP,PG,2,1,23,2.6,.000,1.000,.000,0.0,0.0,0.0,21.8,2.2,0.0,0.0,1.9,0.0,0.0,0.0,.038,-6.6,2.0,-4.6,0.0,,robinna01
466,Kevon Looney,19,GSW,PF,5,0,21,18.6,.643,.286,.000,21.8,29.1,25.6,0.0,0.0,0.0,12.5,16.5,0.1,0.0,0.1,.192,1.6,-4.1,-2.5,0.0,,looneke01
467,Nazr Mohammed,38,OKC,C,5,0,19,6.0,.680,.000,.400,6.1,16.3,11.5,0.0,0.0,0.0,33.8,19.9,0.0,0.0,0.0,-0.009,-8.7,-3.0,-11.7,0.0,,mohamna01
468,Jarnell Stokes,22,2TM,C,7,0,18,20.0,.595,.000,.400,6.1,18.8,12.6,9.6,2.8,0.0,0.0,14.9,0.1,0.0,0.1,.209,1.9,0.1,2.0,0.0,,stokeja01
468,Jarnell Stokes,22,MEM,C,2,0,4,13.6,,,,27.3,29.8,28.5,0.0,0.0,0.0,,0.0,0.0,0.0,0.0,.163,1.4,-5.4,-3.9,0.0,,stokeja01
468,Jarnell Stokes,22,MIA,C,5,0,14,21.8,.595,.000,.400,0.0,15.7,8.1,12.3,3.7,0.0,0.0,19.2,0.0,0.0,0.1,.222,2.0,1.7,3.7,0.0,,stokeja01
469,Jimmer Fredette,26,2TM,SG,6,0,18,12.0,.625,.400,1.000,0.0,0.0,0.0,7.7,2.8,0.0,21.7,22.8,0.0,0.0,0.0,.000,-2.3,-0.3,-2.6,0.0,,fredeji01
469,Jimmer Fredette,26,NOP,SG,4,0,13,-1.6,.250,.250,.000,0.0,0.0,0.0,10.7,3.8,0.0,20.0,17.0,-0.1,0.0,-0.1,-0.198,-10.5,-1.7,-12.3,0.0,,fredeji01
469,Jimmer Fredette,26,NYK,SG,2,0,5,47.4,1.094,1.000,5.000,0.0,0.0,0.0,0.0,0.0,0.0,23.8,38.0,0.1,0.0,0.1,.514,19.1,3.5,22.6,0.0,,fredeji01
470,Joe Harris,24,CLE,SG,5,0,15,3.4,.375,1.000,.000,0.0,22.5,11.3,18.2,0.0,0.0,20.0,15.1,0.0,0.0,0.0,-0.032,-5.0,-0.9,-5.9,0.0,,harrijo01
471,Jordan Adams,21,MEM,SG,2,0,15,17.3,.427,.167,.833,0.0,15.9,7.6,31.9,10.3,0.0,19.6,30.5,0.0,0.0,0.0,.015,-2.5,9.4,6.9,0.0,,adamsjo01
472,Coty Clarke,23,BOS,SF,3,0,6,23.9,.750,.500,.000,0.0,18.0,8.8,0.0,0.0,0.0,20.0,35.5,0.0,0.0,0.0,.025,15.5,1.0,16.5,0.0,,clarkco01
473,Sam Dekker,21,HOU,PF,3,0,6,10.8,,,,0.0,18.5,9.2,0.0,8.2,0.0,,0.0,0.0,0.0,0.0,.116,-2.8,5.1,2.2,0.0,,dekkesa01
474,Thanasis Antetokounmpo,23,NYK,SF,2,0,6,32.9,.750,.250,.000,0.0,17.9,9.1,0.0,0.0,0.0,0.0,30.2,0.0,0.0,0.0,.291,3.7,2.2,5.9,0.0,,antetth01
475,J.J. O'Brien,23,UTA,SF,2,0,6,1.3,.000,.000,.000,0.0,19.4,9.7,0.0,8.8,0.0,0.0,7.7,0.0,0.0,0.0,-0.028,-11.5,5.3,-6.2,0.0,,obriejj01
476,Rakeem Christmas,24,IND,PF,1,0,6,32.0,1.000,.000,.000,18.3,0.0,9.1,0.0,0.0,0.0,0.0,14.7,0.0,0.0,0.0,.343,5.6,0.9,6.5,0.0,,chrisra01
,League Average,,,,,,,,.541,.285,.276,4.8,15.2,10.0,14.8,1.6,1.6,12.7,19.9,,,,,,,,,,-9999